代号,公司,交易所,现价,52周最低,距最低%,52周最高,距最高%,市值(亿美元),行业板块,细分行业,国家,今日涨跌%,市盈率TTM,1年涨跌%,3月涨跌%,1月涨跌%,股息率%,亏损
BRK.A,Berkshire Hathaway Inc.,NYSE,747005,698000,7.02,806102.81,-7.3,9587.7,Finance,Property/Casualty Insurance,United States,-0.84,12.5,0.1,-0.5,-0.9,,
WMT,Walmart Inc.,NASDAQ,103.92,98.88,5.1,135.16,-23.1,8244.7,Retail Trade,Specialty Stores,United States,-2.7,37.7,0.9,-4.9,0.8,,
COST,Costco Wholesale Corporation,NASDAQ,910.34,844.06,7.85,1096.5,-17.0,4035.2,Retail Trade,Specialty Stores,United States,-1.54,43.8,-0.6,-1.8,-3.7,,
PG,Procter & Gamble Company (The),NYSE,145.28,137.62,5.57,167.25,-13.1,3374.4,Consumer Non-Durables,Household/Personal Care,United States,-2.05,21.9,-5.3,-2.2,1.3,,
NFLX,"Netflix, Inc.",NASDAQ,69.58,65.08,6.91,124.86,-44.3,2897.3,Technology Services,Internet Software/Services,United States,-1.02,21.9,-42.3,-7.3,-14.1,,
HD,"Home Depot, Inc. (The)",NYSE,284.49,284.01,0.17,397.63,-28.5,2838.3,Retail Trade,Home Improvement Chains,United States,-1.23,19.9,-30.0,-19.4,-13.3,,
WFC,Wells Fargo & Company,NYSE,80.05,72.78,10.0,97.76,-18.1,2420.7,Finance,Major Banks,United States,-0.53,11.6,-5.4,-7.6,-7.2,,
IBM,International Business Machines Corporation,NYSE,219.93,199.19,10.41,332.46,-33.8,2072.0,Technology Services,Information Technology Services,United States,-0.03,19.5,-21.7,-22.3,-5.5,,
AXP,American Express Company,NYSE,304.1,290.97,4.51,387.49,-21.5,2053.6,Finance,Finance/Rental/Leasing,United States,-0.43,18.5,-11.0,-13.0,-8.4,,
DIS,Walt Disney Company (The),NYSE,104.9,92.19,13.79,117.09,-10.4,1811.3,Consumer Services,Movies/Entertainment,United States,-0.48,21.6,-8.4,8.8,-2.7,,
TMUS,"T-Mobile US, Inc.",NASDAQ,163.08,161.14,1.2,233.26,-30.1,1749.3,Communications,Wireless Telecommunications,United States,0.06,17.1,-31.5,-7.3,-9.5,,
PEP,"PepsiCo, Inc.",NASDAQ,126.72,126.42,0.24,171.48,-26.1,1729.6,Consumer Non-Durables,Food: Specialty/Candy,United States,-1.53,16.6,-9.6,-11.5,-10.2,,
MCD,McDonald's Corporation,NYSE,230.94,230.88,0.03,341.75,-32.4,1634.2,Consumer Services,Restaurants,United States,-1.3,18.8,-23.7,-15.0,-12.9,,
NEE,"NextEra Energy, Inc.",NYSE,75.74,74.78,1.28,98.75,-23.3,1579.9,Utilities,Electric Utilities,United States,-0.2,17.0,-0.9,-12.6,-6.6,,
BA,Boeing Company (The),NYSE,186.05,176.77,5.25,254.35,-26.9,1470.5,Electronic Technology,Aerospace & Defense,United States,-0.87,84.7,-14.3,-15.8,-10.8,,
TJX,"TJX Companies, Inc. (The)",NYSE,132.31,122.78,7.76,170,-22.2,1455.4,Retail Trade,Apparel/Footwear Retail,United States,-1.11,24.5,-7.7,-12.8,-2.1,,
UBER,"Uber Technologies, Inc.",NYSE,68.51,65.41,4.74,101.3,-32.4,1399.4,Transportation,Other Transportation,United States,-1.23,15.1,-31.2,-5.9,-12.4,,
BX,Blackstone Inc.,NYSE,112.09,101.73,10.18,170,-34.1,1392.0,Finance,Investment Managers,United States,-1.68,25.1,-36.4,-8.1,-20.8,,
BKNG,Booking Holdings Inc. Common Stock,NASDAQ,162.91,150.14,8.51,225.0,-27.6,1224.1,Consumer Services,Other Consumer Services,United States,0.35,18.0,-25.0,-11.6,-20.1,,
PGR,Progressive Corporation (The),NYSE,207.31,189.2,9.57,247.49,-16.2,1204.7,Finance,Multi-Line Insurance,United States,-1.52,10.4,-15.2,-8.3,-5.0,,
COF,Capital One Financial Corporation,NYSE,193.07,174.24,10.81,259.63,-25.6,1184.5,Finance,Major Banks,United States,-1.73,12.0,-13.5,-7.0,-9.9,,
SPGI,S&P Global Inc.,NYSE,394.47,360.94,9.29,522.35,-24.5,1162.9,Commercial Services,Financial Publishing/Services,United States,0.51,24.0,-15.2,-6.8,-10.3,,
PDD,PDD Holdings Inc.,NASDAQ,77.94,71.94,8.34,139.41,-44.1,1103.1,Retail Trade,Department Stores,Ireland,0.57,8.6,-41.3,-4.0,-8.5,,
SYK,Stryker Corporation,NYSE,275.39,267,3.14,392.55,-29.8,1056.3,Health Technology,Medical Specialties,United States,-1.21,28.5,-25.4,-13.1,-16.0,,
LOW,"Lowe's Companies, Inc.",NYSE,184.29,184.22,0.04,293.06,-37.1,1034.0,Retail Trade,Home Improvement Chains,United States,-1.59,15.6,-27.1,-17.5,-10.5,,
APP,Applovin Corporation,NASDAQ,290.43,290.36,0.02,738.01,-60.6,971.9,Technology Services,Packaged Software,United States,-4.98,22.3,-59.3,-47.2,-7.9,,
SO,Southern Company (The),NYSE,82.89,81.69,1.47,100.83,-17.8,953.5,Utilities,Electric Utilities,United States,-0.67,20.0,-11.7,-13.4,-5.8,,
CEG,Constellation Energy Corporation,NASDAQ,254.02,228.63,11.11,412.7,-38.4,900.0,Utilities,Electric Utilities,United States,-3.99,24.7,-24.2,6.7,-7.5,,
GD,General Dynamics Corporation,NYSE,331.83,306.77,8.17,400,-17.0,897.8,Electronic Technology,Aerospace & Defense,United States,-0.15,20.2,-0.1,-9.2,-12.0,,
DUK,Duke Energy Corporation (Holding Company),NYSE,114.01,112.4,1.43,134.49,-15.2,888.9,Utilities,Electric Utilities,United States,-0.18,17.1,-7.3,-9.9,-4.7,,
KKR,KKR & Co. Inc.,NYSE,91.3,82.67,10.44,144.84,-37.0,819.5,Finance,Investment Managers,United States,-2.02,29.1,-32.2,-3.7,-16.4,,
WM,"Waste Management, Inc.",NYSE,203.92,194.11,5.05,248.13,-17.8,815.1,Industrial Services,Environmental Services,United States,-1.53,28.9,-6.8,-9.6,-7.3,,
MRSH,Marsh,NYSE,170.73,156.6,9.02,207.82,-17.8,814.7,Finance,Insurance Brokers/Services,United States,0.18,20.9,-14.4,-1.3,-11.1,,
BN,Brookfield Corporation,NYSE,36.46,36.08,1.05,49.56,-26.4,813.9,Finance,Investment Managers,Canada,-0.08,69.5,-20.9,-16.1,-11.5,,
UPS,"United Parcel Service, Inc.",NYSE,93.44,82,13.95,122.41,-23.7,795.0,Transportation,Air Freight/Couriers,United States,-0.52,17.4,10.6,-15.3,-10.9,,
MCO,Moody's Corporation,NYSE,454.13,402.28,12.89,546.88,-17.0,786.6,Commercial Services,Financial Publishing/Services,United States,-0.15,28.8,-5.4,-4.2,-11.2,,
SHW,Sherwin-Williams Company (The),NYSE,323.27,289.86,11.53,377.77,-14.4,784.8,Process Industries,Industrial Specialties,United States,-2.17,29.8,-5.7,-7.3,-5.3,,
NTES,"NetEase, Inc.",NASDAQ,121.16,106.06,14.24,156.44,-22.6,782.3,Technology Services,Packaged Software,China,-0.54,16.8,-20.2,-5.5,-1.5,,
CMCSA,Comcast Corporation,NASDAQ,21.76,21.28,2.26,32.85,-33.8,772.2,Consumer Services,Cable/Satellite TV,United States,0.74,7.0,-26.1,-8.5,-18.9,,
ECL,Ecolab Inc.,NYSE,274.58,243.15,12.93,309.27,-11.2,769.7,Process Industries,Chemicals: Specialty,United States,-1.18,36.8,0.6,-1.6,-3.8,,
AMT,American Tower Corporation (REIT),NYSE,163.69,160.06,2.27,196.08,-16.5,762.7,Finance,Real Estate Investment Trusts,United States,-2.19,22.5,-15.1,-2.1,-6.9,,
MDLZ,"Mondelez International, Inc.",NASDAQ,57.82,51.2,12.93,66.65,-13.2,738.0,Consumer Non-Durables,Food: Specialty/Candy,United States,-2.53,21.2,-7.4,-3.2,-7.1,,
INTU,Intuit Inc.,NASDAQ,275.71,252.84,9.05,689.17,-60.0,736.8,Technology Services,Packaged Software,United States,2.87,16.7,-60.4,2.4,-22.6,,
ITW,Illinois Tool Works Inc.,NYSE,257.28,238.82,7.73,303.15,-15.1,732.7,Producer Manufacturing,Auto Parts: OEM,United States,-3.67,23.3,-0.7,-5.1,-7.8,,
BAM,Brookfield Asset Management Inc,NYSE,44.58,42.2,5.64,59.33,-24.9,730.3,Finance,Investment Managers,United States,-0.87,26.4,-23.6,-2.2,-12.9,,
CI,The Cigna Group,NYSE,271.83,239.51,13.49,315.47,-13.8,718.3,Health Services,Managed Health Care,United States,-1.25,11.2,-5.2,-3.0,-2.6,,
NSC,Norfolk Southern Corporation,NYSE,309,277.8,11.23,358.6,-13.8,694.0,Transportation,Railroads,United States,-1.28,26.4,3.3,-3.9,-11.4,,
ORLY,"O'Reilly Automotive, Inc.",NASDAQ,85.41,82.59,3.41,105.39,-19.0,690.9,Retail Trade,Specialty Stores,United States,-0.77,27.2,-20.5,-8.0,-3.4,,
CVNA,Carvana Co.,NYSE,62.54,54.46,14.83,97.38,-35.8,688.2,Retail Trade,Specialty Stores,United States,-1.7,29.0,-19.7,-8.6,-14.6,,
NOC,Northrop Grumman Corporation,NYSE,483.48,479.02,0.93,774,-37.5,686.8,Electronic Technology,Aerospace & Defense,United States,-4.19,15.3,-18.5,-8.4,-10.4,,
CL,Colgate-Palmolive Company,NYSE,85.32,74.55,14.45,99.33,-14.1,680.1,Consumer Non-Durables,Household/Personal Care,United States,-1.32,33.8,6.3,-8.9,-5.6,,
HON,Honeywell International Inc.,NASDAQ,210.94,195.77,7.75,260.15,-18.9,668.6,Producer Manufacturing,Industrial Machinery,United States,0.39,7.8,2.2,-5.1,-1.8,,
AEP,"American Electric Power Company, Inc.",NASDAQ,118.64,111.73,6.18,140.58,-15.6,645.9,Utilities,Electric Utilities,United States,-0.55,20.6,8.0,-12.7,-3.0,,
RSG,"Republic Services, Inc.",NYSE,209.87,196.41,6.85,233.42,-10.1,642.6,Industrial Services,Environmental Services,United States,-0.97,29.7,-8.5,-2.5,-5.3,,
BSX,Boston Scientific Corporation,NYSE,43.65,42.2,3.44,105.65,-58.7,632.6,Health Technology,Medical Specialties,United States,-0.52,17.7,-55.2,-0.2,-5.9,,
NU,Nu Holdings Ltd.,NYSE,12.66,11.2,13.04,18.98,-33.3,611.5,Finance,Regional Banks,Brazil,2.51,17.2,-20.7,-5.8,-11.8,,
TEL,TE Connectivity plc,NYSE,211.08,190.27,10.94,252.56,-16.4,611.1,Electronic Technology,Semiconductors,Ireland,-0.71,20.7,-3.1,4.8,4.7,,
TDG,Transdigm Group Inc.,NYSE,1082.6,1071.25,1.06,1463.03,-26.0,598.4,Electronic Technology,Aerospace & Defense,United States,-1.56,32.8,-16.1,-18.3,-8.3,,
AON,Aon plc,NYSE,276.77,269.02,2.88,382.34,-27.6,587.1,Finance,Insurance Brokers/Services,Ireland,0.32,15.3,-21.9,-20.1,-18.6,,
TFC,Truist Financial Corporation,NYSE,46.3,40.78,13.52,56.2,-17.6,565.6,Finance,Regional Banks,United States,-0.3,10.6,1.2,-9.9,-7.9,,
AFL,AFLAC Incorporated,NYSE,111.78,105.43,6.03,130.22,-14.2,560.4,Finance,Multi-Line Insurance,United States,-1.65,12.0,0.4,-5.9,-4.1,,
CRH,CRH PLC,NYSE,82.8,82.17,0.77,131.55,-37.1,550.9,Non-Energy Minerals,Construction Materials,United States,-2.05,14.6,-31.5,-22.4,-12.7,,
D,"Dominion Energy, Inc.",NYSE,60.52,55.85,8.35,72.99,-17.1,532.3,Utilities,Electric Utilities,United States,-0.2,21.0,-0.8,-11.2,-6.8,,
PSA,Public Storage,NYSE,282.84,256.54,10.25,335.55,-15.7,528.5,Finance,Real Estate Investment Trusts,United States,-0.96,27.0,-1.8,-12.8,-9.0,,
NKE,"Nike, Inc.",NYSE,35.4,35.16,0.7,76.97,-54.0,525.2,Consumer Non-Durables,Apparel/Footwear,United States,-1.23,16.9,-49.5,-19.7,-10.2,,
O,Realty Income Corporation,NYSE,54.3,54.23,0.14,67.94,-20.1,513.8,Finance,Real Estate Investment Trusts,United States,-1.52,39.7,-10.3,-12.7,-11.9,,
SRE,DBA Sempra,NYSE,77.96,76.21,2.3,101.04,-22.8,509.8,Utilities,Gas Distributors,United States,-0.28,22.6,-13.0,-15.4,-2.5,,
HONA,Honeywell Aerospace Inc.,NASDAQ,154.97,149.19,3.87,297.5,-47.9,491.2,Electronic Technology,Aerospace & Defense,United States,-0.3,,-22.5,-32.6,-3.7,,
F,Ford Motor Company,NYSE,12.06,11.11,8.55,17.78,-32.2,480.9,Consumer Durables,Motor Vehicles,United States,-1.95,,-0.4,-12.7,-13.2,,是
ETR,Entergy Corporation,NYSE,99.26,90.87,9.24,118.44,-16.2,474.2,Utilities,Electric Utilities,United States,-0.5,25.4,6.0,-12.6,-6.1,,
VMRK,Vivmark Residential,NYSE,60.76,57.57,5.54,71.5,-15.0,470.1,Finance,Real Estate Investment Trusts,United States,-0.96,26.7,-4.9,-11.7,-6.9,,
VST,Vistra Corp.,NYSE,138.35,132.66,4.29,217.1,-36.3,464.4,Utilities,Electric Utilities,United States,-1.76,23.4,-30.5,-10.1,1.1,,
AZO,"AutoZone, Inc.",NYSE,2830.02,2764.88,2.36,4293.03,-34.1,462.0,Retail Trade,Specialty Stores,United States,-1.6,18.5,-33.7,-12.5,-4.0,,
MDLN,Medline Inc.,NASDAQ,34.7,31.49,10.19,50.88,-31.8,456.2,Health Technology,Medical Specialties,United States,-0.8,40.7,-0.9,-17.6,-0.6,,
CARR,Carrier Global Corporation,NYSE,54.86,50.24,9.2,76.76,-28.5,452.2,Producer Manufacturing,Industrial Machinery,United States,-0.94,38.7,-7.0,-24.2,-6.2,,
LHX,"L3Harris Technologies, Inc.",NYSE,236.78,234.01,1.18,379.23,-37.6,440.9,Electronic Technology,Aerospace & Defense,United States,0.13,23.9,-20.4,-20.3,-10.0,,
XEL,Xcel Energy Inc.,NASDAQ,70.48,68.72,2.56,84.23,-16.3,440.2,Utilities,Electric Utilities,United States,-0.3,19.3,-11.6,-12.4,-6.8,,
ADSK,"Autodesk, Inc.",NASDAQ,209,185.5,12.67,326.2,-35.9,436.8,Technology Services,Packaged Software,United States,2.86,27.1,-35.1,4.0,-18.9,,
FERG,Ferguson Enterprises Inc.,NYSE,222.62,212.13,4.95,271.64,-18.0,430.7,Distribution Services,Wholesale Distributors,United States,-0.56,19.9,-0.9,-4.2,-1.9,,
EXC,Exelon Corporation,NASDAQ,40.4,39.73,1.69,50.65,-20.2,417.0,Utilities,Electric Utilities,United States,-0.62,14.8,-8.8,-13.2,-7.8,,
IDXX,"IDEXX Laboratories, Inc.",NASDAQ,522.19,500.61,4.31,769.98,-32.2,411.4,Health Technology,Medical Specialties,United States,-2.11,36.7,-17.3,-4.0,-4.7,,
CMG,"Chipotle Mexican Grill, Inc.",NYSE,31.95,28.04,13.96,42.81,-25.4,404.3,Consumer Services,Restaurants,United States,0.22,29.5,-19.8,-9.3,-14.6,,
CBRS,Cerebras Systems Inc.,NASDAQ,177.65,160.81,10.47,386.34,-54.0,397.7,Technology Services,Packaged Software,United States,-8.87,,-49.2,-19.2,-0.0,,是
MSCI,MSCI Inc.,NYSE,538.66,501.08,7.5,644.77,-16.5,391.6,Commercial Services,Financial Publishing/Services,United States,-0.2,29.5,-4.9,-9.0,-5.0,,
AIG,"American International Group, Inc. New",NYSE,74.42,71.25,4.46,87.29,-14.7,389.1,Finance,Multi-Line Insurance,United States,-1.13,13.6,-4.3,-3.8,-3.1,,
TTWO,"Take-Two Interactive Software, Inc.",NASDAQ,207.5,187.63,10.59,265.94,-22.0,388.0,Technology Services,Packaged Software,United States,2.33,,-20.1,-17.1,-11.2,,是
SYY,Sysco Corporation,NYSE,77.96,68.19,14.33,91.84,-15.1,383.5,Distribution Services,Food Distributors,United States,-0.68,21.3,-4.4,-6.2,-5.0,,
DHI,"D.R. Horton, Inc.",NYSE,136.65,131.75,3.72,176.22,-22.5,382.2,Consumer Durables,Homebuilding,United States,-1.97,13.0,-19.1,-12.9,-6.1,,
ED,"Consolidated Edison, Inc.",NYSE,102.21,94.96,7.63,116.23,-12.1,376.7,Utilities,Electric Utilities,United States,-1.08,16.8,2.6,-8.9,-4.3,,
YUM,"Yum! Brands, Inc.",NYSE,136.34,134.26,1.55,170.14,-19.9,372.1,Consumer Services,Restaurants,United States,-1.01,17.1,-11.2,-15.5,-11.1,,
CBRE,CBRE Group Inc,NYSE,128.47,121.69,5.57,174.27,-26.3,372.0,Finance,Real Estate Development,United States,-1.81,29.5,-19.3,-8.1,-14.0,,
KR,Kroger Company (The),NYSE,58.62,54.15,8.25,76.58,-23.5,346.2,Retail Trade,Food Retail,United States,-3.57,31.7,-11.6,3.3,1.3,,
ROP,"Roper Technologies, Inc.",NASDAQ,349.41,305.96,14.2,521.28,-33.0,345.6,Technology Services,Packaged Software,United States,-0.01,14.5,-30.2,-2.2,-17.2,,
UI,Ubiquiti Inc.,NYSE,567.53,500.23,13.45,1099.99,-48.4,343.5,Electronic Technology,Telecommunications Equipment,United States,1.47,35.8,-13.8,6.8,-4.5,,
MLM,"Martin Marietta Materials, Inc.",NYSE,479.81,471.88,1.68,710.97,-32.5,340.8,Non-Energy Minerals,Construction Materials,United States,0.15,11.8,-22.6,-18.0,-8.7,,
TKO,"TKO Group Holdings, Inc.",NYSE,179.72,174.58,2.94,226.94,-20.8,340.2,Consumer Services,Movies/Entertainment,United States,1.21,62.2,-12.5,-10.6,-2.4,,
CCL,Carnival Corporation Ltd.,NYSE,24.54,21.45,14.41,34.03,-27.9,336.1,Consumer Services,Hotels/Resorts/Cruise lines,United States,-2.27,10.7,-17.6,-15.1,0.2,,
PEG,Public Service Enterprise Group Incorporated,NYSE,67.34,66.15,1.8,87.63,-23.2,335.6,Utilities,Electric Utilities,United States,-0.5,16.7,-18.9,-16.3,-7.5,,
HIG,"The Hartford Insurance Group, Inc.",NYSE,122.36,120.33,1.69,146.06,-16.2,331.4,Finance,Property/Casualty Insurance,United States,-2.77,7.9,-7.7,-9.5,-11.6,,
WEC,"WEC Energy Group, Inc.",NYSE,100.78,100.14,0.64,119.91,-16.0,328.4,Utilities,Electric Utilities,United States,-1.75,19.5,-11.7,-14.0,-4.8,,
RKT,"Rocket Companies, Inc.",NYSE,11.51,11.38,1.19,24.36,-52.8,325.9,Finance,Finance/Rental/Leasing,United States,-1.54,76.6,-43.4,-27.6,-14.7,,
KMB,Kimberly-Clark Corporation,NASDAQ,97.43,92.42,5.42,123.38,-21.0,324.0,Consumer Non-Durables,Household/Personal Care,United States,-1.58,16.6,-20.5,-13.0,-10.6,,
QSR,Restaurant Brands International Inc.,NYSE,71.08,64.52,10.17,81.96,-13.3,323.1,Consumer Services,Restaurants,United States,-0.56,21.0,8.2,-1.3,-8.9,,
VMC,Vulcan Materials Company (Holding Company),NYSE,244.63,239.9,1.97,331.09,-26.1,317.0,Non-Energy Minerals,Construction Materials,United States,0.77,28.9,-19.5,-18.0,-10.4,,
HSY,The Hershey Company,NYSE,157.61,157.44,0.11,239.48,-34.2,316.7,Consumer Non-Durables,Food: Specialty/Candy,United States,-2.35,23.0,-14.7,-12.6,-12.0,,
JD,"JD.com, Inc.",NASDAQ,26.6,24.51,8.54,36.86,-27.8,316.6,Retail Trade,Internet Retail,China,1.14,17.9,-25.4,1.1,-6.9,,
ACGL,Arch Capital Group Ltd.,NASDAQ,92.36,82.44,12.03,107.08,-13.8,315.2,Finance,Multi-Line Insurance,Bermuda,-2.9,7.2,2.8,-6.6,-6.3,,
HBAN,Huntington Bancshares Incorporated,NASDAQ,15.26,14.89,2.48,19.45,-21.6,308.3,Finance,Major Banks,United States,-0.07,11.8,-12.1,-16.4,-9.9,,
RJF,"Raymond James Financial, Inc.",NYSE,158.02,138.82,13.83,182.73,-13.5,304.0,Finance,Investment Managers,United States,-1.14,13.8,-10.4,-1.3,-11.9,,
EQT,EQT Corporation,NYSE,48.56,47.94,1.3,68.24,-28.8,303.8,Energy Minerals,Integrated Oil,United States,-0.65,11.3,-10.1,-8.0,-13.2,,
GEHC,GE HealthCare Technologies Inc.,NASDAQ,65.37,58.75,11.27,89.77,-27.2,295.3,Health Technology,Medical Specialties,United States,-1.64,15.0,-10.2,-0.2,-8.3,,
IR,Ingersoll Rand Inc.,NYSE,75.11,68.07,10.34,100.96,-25.6,291.4,Producer Manufacturing,Industrial Machinery,United States,-1.79,30.9,-8.8,-7.7,-4.0,,
ZTS,Zoetis Inc.,NYSE,69.83,69.52,0.45,148.79,-53.1,288.6,Health Technology,Pharmaceuticals: Major,United States,-0.67,11.5,-51.1,-4.7,-9.3,,
BIDU,"Baidu, Inc.",NASDAQ,86.87,85.83,1.21,165.3,-47.4,286.7,Technology Services,Internet Software/Services,China,0.18,,-36.3,-23.6,-11.3,,是
CCI,Crown Castle Inc.,NYSE,66.65,66.13,0.79,100.5,-33.7,283.6,Finance,Real Estate Investment Trusts,United States,-0.63,14.7,-30.9,-14.2,-12.0,,
EXR,Extra Space Storage Inc,NYSE,131.51,125.71,4.61,158.88,-17.2,277.8,Finance,Real Estate Investment Trusts,United States,-1.48,29.4,-7.2,-11.6,-7.4,,
AEE,Ameren Corporation,NYSE,99.38,96.57,2.91,118.32,-16.0,275.1,Utilities,Electric Utilities,United States,-0.87,17.5,-4.2,-12.2,-5.5,,
PCG,Pacific Gas & Electric Co.,NYSE,12.25,11.77,4.12,19.16,-36.0,269.8,Utilities,Electric Utilities,United States,0.57,8.9,-18.3,-27.0,-7.6,,
KHC,The Kraft Heinz Company,NYSE,22.72,21.04,8.01,28.09,-19.1,269.4,Consumer Non-Durables,Food: Major Diversified,United States,-3.11,,-11.6,-10.0,-11.8,,是
ATO,Atmos Energy Corporation,NYSE,156.44,155,0.93,192.51,-18.7,264.4,Utilities,Gas Distributors,United States,-0.74,18.6,-7.8,-10.2,-5.5,,
AWK,"American Water Works Company, Inc.",NYSE,129.47,120.57,7.38,145.64,-11.1,257.3,Utilities,Water Utilities,United States,-0.25,22.4,-5.8,-2.7,-5.5,,
SYM,Symbotic Inc.,NASDAQ,42.07,37.68,11.65,87.88,-52.1,254.4,Producer Manufacturing,Industrial Machinery,United States,1.35,466.4,-21.2,-6.9,5.8,,
DTE,DTE Energy Company,NYSE,121.8,119.68,1.77,155.75,-21.8,253.5,Utilities,Electric Utilities,United States,-0.48,19.2,-13.6,-19.7,-10.1,,
VICI,VICI Properties Inc.,NYSE,22.97,22.88,0.39,33.01,-30.4,252.9,Finance,Real Estate Investment Trusts,United States,-0.99,8.9,-29.4,-13.2,-11.1,,
CPRT,"Copart, Inc.",NASDAQ,27.28,26.74,2.02,45.89,-40.6,252.6,Retail Trade,Specialty Stores,United States,0.52,17.6,-38.6,-6.0,-17.2,,
WRB,W.R. Berkley Corporation,NYSE,67.54,62.87,7.42,78.96,-14.5,250.7,Finance,Multi-Line Insurance,United States,-1.0,13.9,-11.3,-4.5,-1.2,,
FE,FirstEnergy Corp.,NYSE,43.33,42.67,1.55,52.34,-17.2,250.7,Utilities,Electric Utilities,United States,-0.71,23.1,-4.6,-9.7,-4.8,,
CPNG,"Coupang, Inc.",NYSE,13.87,13.4,3.47,32.96,-57.9,249.3,Retail Trade,Internet Retail,United States,0.14,,-57.8,-23.2,-15.7,,是
PPL,PPL Corporation,NYSE,32.89,31.55,4.23,40.1,-18.0,247.5,Utilities,Electric Utilities,United States,0.95,19.5,-11.3,-8.6,-3.2,,
LVS,Las Vegas Sands Corp.,NYSE,37.81,37.78,0.07,70.45,-46.3,244.9,Consumer Services,Casinos/Gaming,United States,-1.33,14.7,-31.6,-18.3,-16.2,,
OTIS,Otis Worldwide Corporation,NYSE,64.32,64.27,0.08,94.56,-32.0,244.8,Industrial Services,Engineering & Construction,United States,-2.0,16.5,-29.8,-10.0,-9.5,,
CINF,Cincinnati Financial Corporation,NASDAQ,159.37,150,6.25,194.81,-18.2,244.6,Finance,Multi-Line Insurance,United States,-1.09,7.5,1.9,-15.5,-7.0,,
CNP,"CenterPoint Energy, Inc (Holding Co)",NYSE,36.8,36.37,1.18,45.26,-18.7,242.4,Utilities,Electric Utilities,United States,-0.38,21.7,-6.0,-16.6,-5.4,,
ES,Eversource Energy (D/B/A),NYSE,64.16,62.72,2.3,76.57,-16.2,241.7,Utilities,Electric Utilities,United States,0.41,16.6,-9.0,-12.5,-8.4,,
FISV,"Fiserv, Inc.",NASDAQ,45.18,44.82,0.8,129.85,-65.2,240.3,Commercial Services,Miscellaneous Commercial Services,United States,-0.4,8.7,-65.3,-11.8,-14.3,,
HUBB,Hubbell Inc,NYSE,453.6,403.82,12.33,565.5,-19.8,239.6,Producer Manufacturing,Electrical Products,United States,-1.2,26.9,6.8,-7.1,-0.6,,
XYL,Xylem Inc.,NYSE,101.27,100.17,1.1,154.27,-34.4,236.5,Producer Manufacturing,Industrial Machinery,United States,0.34,24.1,-29.7,-14.2,-8.3,,
TW,Tradeweb Markets Inc.,NASDAQ,100.84,91.42,10.3,127.69,-21.0,236.0,Finance,Investment Banks/Brokers,United States,0.23,24.1,-9.3,-1.5,-7.0,,
PPG,"PPG Industries, Inc.",NYSE,104.33,93.39,11.72,133.43,-21.8,231.9,Process Industries,Industrial Specialties,United States,-1.59,15.0,0.2,-15.5,-8.1,,
BIP,Brookfield Infrastructure Partners LP Limited Partnership,NYSE,35.55,32.81,8.33,44.03,-19.3,231.4,Utilities,Alternative Power Generation,Bermuda,0.17,59.2,6.9,-1.8,-5.4,,
SYF,Synchrony Financial,NYSE,70.97,63.08,12.51,88.77,-20.1,230.9,Finance,Finance/Rental/Leasing,United States,-1.05,7.3,-3.7,-8.6,-8.3,,
FWONA,Liberty Media Corporation - Series A,NASDAQ,84.63,73.7,14.83,99.52,-15.0,229.4,Technology Services,Internet Software/Services,United States,-0.84,52.3,-11.2,-7.7,-9.0,,
DRI,"Darden Restaurants, Inc.",NYSE,193.25,169,14.35,229.76,-15.9,219.4,Consumer Services,Restaurants,United States,-0.95,18.9,0.8,-4.9,-11.3,,
VRSK,"Verisk Analytics, Inc.",NASDAQ,167.85,155.94,7.64,251.96,-33.4,218.5,Technology Services,Data Processing Services,United States,1.15,25.8,-32.0,-9.1,-11.7,,
PHM,"PulteGroup, Inc.",NYSE,116.06,108.49,6.98,144.5,-19.7,217.6,Consumer Durables,Homebuilding,United States,-2.06,11.9,-12.2,-12.7,-8.8,,
L,Loews Corporation,NYSE,104.43,97.38,7.24,121.01,-13.7,213.5,Finance,Property/Casualty Insurance,United States,-1.42,12.8,4.7,-8.9,-4.7,,
MKL,Markel Group Inc.,NYSE,1712.45,1712.45,0.0,2207.59,-22.4,212.2,Finance,Property/Casualty Insurance,United States,-1.59,9.4,-9.6,-11.0,-5.4,,
BSP,Bending Spoons S.p.A.,NASDAQ,33.32,30.11,10.66,58.94,-43.5,211.7,Technology Services,Packaged Software,Italy,1.72,,7.5,-15.6,-22.7,,
EIX,Edison International,NYSE,53.73,51.1,5.15,81.62,-34.2,206.8,Utilities,Electric Utilities,United States,0.32,5.5,-2.6,-27.8,-3.6,,
STE,STERIS plc (Ireland),NYSE,210.01,195.14,7.62,269.44,-22.1,204.8,Health Technology,Medical Specialties,Ireland,-0.3,25.7,-14.6,-2.4,-9.4,,
AMRZ,Amrize Ltd,NYSE,37.39,36.87,1.41,65.94,-43.3,204.5,Non-Energy Minerals,Construction Materials,United States,-0.85,17.2,-22.7,-29.7,-15.9,,
BRO,"Brown & Brown, Inc.",NYSE,60.9,53.81,13.17,96.55,-36.9,203.8,Finance,Insurance Brokers/Services,United States,0.5,19.3,-34.3,-10.9,-15.8,,
SOFI,"SoFi Technologies, Inc.",NASDAQ,15.72,14.88,5.65,32.73,-52.0,203.0,Finance,Finance/Rental/Leasing,United States,-1.19,33.1,-42.8,-15.9,-11.4,,
OMC,Omnicom Group Inc.,NYSE,73.63,66.33,11.0,89.56,-17.8,202.0,Commercial Services,Advertising/Marketing Services,United States,-0.69,63.1,-7.0,-3.3,-16.3,,
NRG,"NRG Energy, Inc.",NYSE,95.65,93.36,2.46,189.96,-49.6,201.1,Utilities,Electric Utilities,United States,-1.56,25.3,-42.2,-32.1,-13.3,,
CW,Curtiss-Wright Corporation,NYSE,543.82,521.66,4.25,808.16,-32.7,200.9,Electronic Technology,Aerospace & Defense,United States,1.87,37.4,2.3,-29.1,-8.2,,
CMS,CMS Energy Corporation,NYSE,63.08,62.28,1.28,80.36,-21.5,197.8,Utilities,Electric Utilities,United States,-0.58,19.0,-13.6,-17.6,-6.9,,
LEN,Lennar Corporation,NYSE,81.59,75.7,7.78,133.76,-39.0,196.2,Consumer Durables,Homebuilding,United States,-1.71,15.4,-36.0,-7.0,-4.1,,
EXE,Expand Energy Corporation,NASDAQ,84.09,83.25,1.01,126.62,-33.6,194.7,Energy Minerals,Integrated Oil,United States,-0.11,7.3,-21.1,-6.4,-14.9,,
CHTR,"Charter Communications, Inc.",NASDAQ,110.9,109.96,0.85,284.6,-61.0,194.2,Consumer Services,Cable/Satellite TV,United States,0.21,2.9,-59.9,-21.2,-27.0,,
STZ,"Constellation Brands, Inc.",NYSE,113.06,111.54,1.36,168.6,-32.9,193.1,Consumer Non-Durables,Beverages: Alcoholic,United States,0.26,10.8,-17.1,-16.7,-13.4,,
FSLR,"First Solar, Inc.",NASDAQ,175.16,170.8,2.55,320.95,-45.4,188.2,Electronic Technology,Semiconductors,United States,-1.0,10.8,-21.7,-24.5,-13.9,,
SNA,Snap-On Incorporated,NYSE,363.35,320.8,13.26,423.02,-14.1,188.0,Consumer Durables,Tools & Hardware,United States,-1.02,18.5,5.2,-10.3,-7.0,,
NI,NiSource Inc,NYSE,39,38.87,0.34,49.21,-20.7,187.0,Utilities,Gas Distributors,United States,-0.81,20.7,-9.9,-17.6,-3.6,,
EVRG,"Evergy, Inc.",NASDAQ,78.44,71.41,9.85,88.62,-11.5,180.8,Utilities,Electric Utilities,United States,-0.37,19.9,4.7,-9.3,-2.4,,
IP,International Paper Company,NYSE,33.17,29.26,13.36,50.25,-34.0,175.7,Process Industries,Pulp & Paper,United States,-0.45,,-27.7,-13.6,-15.1,,是
TSN,"Tyson Foods, Inc.",NYSE,50.53,50.5,0.06,69.48,-27.3,174.2,Consumer Non-Durables,Food: Meat/Fish/Dairy,United States,-0.88,30.5,-6.5,-12.4,-8.5,,
ESS,"Essex Property Trust, Inc.",NYSE,269.39,238.46,12.97,303.35,-11.2,173.1,Finance,Real Estate Investment Trusts,United States,-1.66,41.9,2.6,-8.1,-4.5,,
GIS,"General Mills, Inc.",NYSE,32.16,31.75,1.29,51.26,-37.3,172.0,Consumer Non-Durables,Food: Major Diversified,United States,-4.91,,-35.4,-15.4,-22.1,,是
FTAI,FTAI Aviation Ltd.,NASDAQ,167.03,149.5,11.73,323.51,-48.4,171.6,Electronic Technology,Aerospace & Defense,United States,-1.12,36.4,0.7,-36.3,-13.0,,
SBAC,SBA Communications Corporation,NASDAQ,160.12,159.91,0.13,224.46,-28.7,169.9,Finance,Real Estate Investment Trusts,United States,-1.65,17.2,-18.1,-12.7,-15.3,,
FIS,"Fidelity National Information Services, Inc.",NYSE,32.9,32.74,0.47,69.14,-52.4,169.7,Technology Services,Packaged Software,United States,-1.35,5.1,-50.7,-20.0,-19.9,,
ZBH,"Zimmer Biomet Holdings, Inc.",NYSE,88.83,79.12,12.27,106.88,-16.9,169.4,Health Technology,Medical Specialties,United States,-2.75,21.6,-9.3,3.6,-11.3,,
FTV,Fortive Corporation,NYSE,54.81,47.71,14.88,64.56,-15.1,165.5,Electronic Technology,Electronic Equipment/Instruments,United States,-1.08,32.4,12.3,-11.7,-7.7,,
LNT,Alliant Energy Corporation,NASDAQ,63.3,62.7,0.96,78.81,-19.7,164.1,Utilities,Electric Utilities,United States,-1.62,20.1,-5.0,-17.0,-6.4,,
NVR,"NVR, Inc.",NYSE,6154.39,5501.01,11.88,8200,-24.9,164.0,Consumer Durables,Homebuilding,United States,-1.29,16.0,-23.5,-7.8,-2.8,,
FDXF,"FedEx Freight Holding Company, Inc.",NYSE,109.38,109.38,0.0,200,-45.3,163.5,Transportation,Trucking,United States,-2.39,,-19.0,-29.7,-17.6,,
TSCO,Tractor Supply Company,NASDAQ,31.29,28.36,10.33,58.21,-46.2,163.0,Retail Trade,Specialty Stores,United States,-0.7,16.3,-44.8,-3.7,-9.6,,
EFX,"Equifax, Inc.",NYSE,137.24,137.01,0.17,244.37,-43.8,161.2,Commercial Services,Financial Publishing/Services,United States,-2.55,24.1,-46.4,-16.4,-28.2,,
AS,"Amer Sports, Inc.",NYSE,27.29,26.1,4.56,42.76,-36.2,158.8,Consumer Durables,Recreational Products,Finland,0.18,28.5,-22.2,-21.3,-11.2,,
INVH,Invitation Homes Inc.,NYSE,26.33,24.25,8.58,30.89,-14.8,155.5,Finance,Real Estate Investment Trusts,United States,-0.9,47.0,-9.0,-13.4,-9.5,,
TLN,Talen Energy Corporation,NASDAQ,312.69,279.77,11.77,451.28,-30.7,149.8,Utilities,Alternative Power Generation,United States,-0.68,,-25.7,-14.2,5.1,,是
KIM,Kimco Realty Corporation (HC),NYSE,22.21,19.76,12.4,26.64,-16.6,149.0,Finance,Real Estate Investment Trusts,United States,-0.94,26.0,2.5,-11.9,-6.4,,
WPC,W. P. Carey Inc. REIT,NYSE,64.63,63.08,2.46,77.22,-16.3,147.2,Finance,Real Estate Investment Trusts,United States,-2.05,22.1,-4.1,-9.5,-8.2,,
ROL,"Rollins, Inc.",NYSE,30.12,29.7,1.43,66.14,-54.5,144.9,Commercial Services,Miscellaneous Commercial Services,United States,-1.25,27.3,-48.4,-29.2,-16.7,,
PFGC,Performance Food Group Company,NYSE,91.51,80.82,13.23,117.47,-22.1,144.2,Transportation,Other Transportation,United States,-0.52,40.0,-11.9,-18.8,-9.1,,
VNOM,"Viper Energy, Inc.",NASDAQ,39.89,35.1,13.65,51.13,-22.0,143.3,Miscellaneous,Investment Trusts/Mutual Funds,United States,-0.47,312.4,4.3,-3.8,-11.3,,
SGI,Somnigroup International Inc.,NYSE,62.11,60.39,2.85,98.56,-37.0,143.0,Consumer Durables,Home Furnishings,United States,-0.24,24.8,-24.7,-20.3,-1.7,,
NLY,Annaly Capital Management Inc.,NYSE,18.89,18.87,0.11,24.52,-23.0,142.4,Finance,Real Estate Investment Trusts,United States,-7.04,4.7,-6.6,-15.7,-17.9,,
OWL,Blue Owl Capital Inc.,NYSE,9.09,7.95,14.34,17.33,-47.5,141.7,Finance,Investment Managers,United States,-2.05,114.9,-48.1,-1.2,-24.1,,
CG,The Carlyle Group Inc.,NASDAQ,39.66,38.72,2.43,67.3,-41.1,141.3,Finance,Investment Managers,United States,-0.05,41.1,-38.8,-8.0,-18.7,,
YUMC,"Yum China Holdings, Inc.",NYSE,41.1,40.15,2.37,58.39,-29.6,140.8,Consumer Services,Restaurants,China,0.74,15.1,-5.0,-1.6,-8.2,,
WY,Weyerhaeuser Company,NYSE,19.05,19.05,0.0,27.75,-31.4,137.3,Finance,Real Estate Investment Trusts,United States,-2.56,29.1,-23.6,-19.9,-19.4,,
ARCC,Ares Capital Corporation,NASDAQ,19.1,17.4,9.77,21.14,-9.6,137.1,Finance,Financial Conglomerates,United States,-1.34,14.2,-6.6,2.1,-4.5,,
MAA,"Mid-America Apartment Communities, Inc.",NYSE,117.74,116.67,0.92,144.41,-18.5,136.6,Finance,Real Estate Investment Trusts,United States,-0.58,34.4,-14.7,-16.3,-8.7,,
INIO,INNIO N.V.,NASDAQ,18.13,17.45,3.9,42.95,-57.8,136.0,Producer Manufacturing,Electrical Products,Germany,-1.36,,-41.5,-52.4,-12.4,,
WSE,Wise Group plc,NASDAQ,11.39,10.36,9.94,17.47,-34.8,135.8,Commercial Services,Miscellaneous Commercial Services,United Kingdom,0.09,,-20.8,-10.1,-11.8,,
SUI,"Sun Communities, Inc.",NYSE,110.78,110.39,0.35,137.85,-19.6,134.9,Finance,Real Estate Investment Trusts,United States,-0.99,,-13.7,-9.1,-9.4,,是
ULS,UL Solutions Inc.,NYSE,65.62,63.17,3.88,107.54,-39.0,132.5,Commercial Services,Miscellaneous Commercial Services,United States,1.08,26.5,-6.6,-33.2,-11.3,,
REG,Regency Centers Corporation,NASDAQ,71.88,66.86,7.52,83.66,-14.1,131.6,Finance,Real Estate Investment Trusts,United States,-1.07,24.3,-0.2,-10.0,-4.8,,
TXT,Textron Inc.,NYSE,76.2,75.51,0.91,101.57,-25.0,131.1,Electronic Technology,Aerospace & Defense,United States,-1.84,14.4,-9.2,-17.4,-7.6,,
CHKP,Check Point Software Technologies Ltd.,NASDAQ,128.35,112.23,14.36,210.66,-39.1,131.0,Technology Services,Internet Software/Services,Israel,1.12,13.1,-37.8,-4.8,-6.6,,
CPT,Camden Property Trust,NYSE,96.73,96.53,0.21,119.81,-19.3,130.8,Finance,Real Estate Investment Trusts,United States,-1.76,32.0,-8.5,-16.6,-8.8,,
FLUT,Flutter Entertainment plc,NYSE,74.54,74.35,0.26,257.76,-71.1,129.4,Consumer Services,Casinos/Gaming,United States,0.12,,-73.2,-30.0,-26.7,,是
AVY,Avery Dennison Corporation,NYSE,170.67,152.42,11.97,199.54,-14.5,129.3,Process Industries,Pulp & Paper,United States,-0.06,18.7,7.1,3.9,-3.5,,
FICO,Fair Isaac Corporation,NYSE,592.47,586.05,1.1,1998.01,-70.3,128.0,Commercial Services,Financial Publishing/Services,United States,-4.11,17.1,-61.1,-51.5,-47.9,,
CSL,Carlisle Companies Incorporated,NYSE,322.17,293.43,9.79,432.91,-25.6,127.9,Producer Manufacturing,Building Products,United States,-1.07,18.4,-3.0,-10.9,-8.6,,
GRAB,Grab Holdings Limited,NASDAQ,3.11,2.74,13.5,6.6,-52.9,126.8,Transportation,Air Freight/Couriers,Singapore,-0.32,22.5,-48.7,-20.9,-13.1,,
QNT,Quantinuum Inc.,NASDAQ,48.06,46.54,3.27,86.79,-44.6,126.5,Electronic Technology,Computer Processing Hardware,United States,-1.37,,-29.3,-38.4,-3.9,,
RPM,RPM International Inc.,NYSE,98.67,92.92,6.19,121.78,-19.0,125.9,Process Industries,Industrial Specialties,United States,-1.3,19.1,-15.9,-11.3,-6.9,,
BWXT,"BWX Technologies, Inc.",NYSE,137,133.21,2.85,241.82,-43.3,125.5,Electronic Technology,Aerospace & Defense,United States,-0.73,35.5,-24.7,-29.3,-9.8,,
MKC,"McCormick & Company, Incorporated",NYSE,46.4,44.82,3.53,72.41,-35.9,125.0,Consumer Non-Durables,Food: Specialty/Candy,United States,-4.13,7.7,-30.5,-13.1,-15.1,,
WSO,"Watsco, Inc.",NYSE,302.69,295.75,2.35,459,-34.1,124.9,Producer Manufacturing,Building Products,United States,0.63,26.3,-24.2,-25.6,-2.2,,
GGG,Graco Inc.,NYSE,76.84,72.51,5.97,95.69,-19.7,124.4,Producer Manufacturing,Industrial Machinery,United States,-1.61,24.1,-8.9,2.2,-2.8,,
TOL,"Toll Brothers, Inc.",NYSE,134.75,123.14,9.42,168.36,-20.0,124.2,Consumer Durables,Homebuilding,United States,-0.83,10.8,-2.3,-15.2,-6.4,,
MAIR,Madison Air Solutions Corporation,NYSE,24.6,22.91,7.38,44.5,-44.7,123.4,Producer Manufacturing,Industrial Machinery,United States,-1.17,,-23.1,-34.7,-6.4,,
LII,"Lennox International, Inc.",NYSE,355.02,350.22,1.37,587.27,-39.5,122.7,Producer Manufacturing,Industrial Machinery,United States,-1.43,16.0,-31.6,-38.0,-8.4,,
DTM,"DT Midstream, Inc.",NYSE,119.47,104.99,13.79,152.88,-21.9,121.9,Industrial Services,Oil & Gas Pipelines,United States,-1.78,26.2,6.0,-17.7,-8.4,,
CNA,CNA Financial Corporation,NYSE,44.88,41.53,8.07,55.71,-19.4,121.4,Finance,Multi-Line Insurance,United States,-2.41,9.9,-2.4,-10.2,-8.7,,
QXO,"QXO, Inc.",NYSE,11.69,11.13,4.98,27.61,-57.7,121.3,Distribution Services,Wholesale Distributors,United States,0.6,,-38.2,-29.2,-12.8,,是
JBS,JBS N.V.,NYSE,11.29,11.21,0.71,18.65,-39.5,120.9,Consumer Non-Durables,Food: Meat/Fish/Dairy,Netherlands,-0.7,10.5,-25.2,-7.3,-16.9,,
DKS,Dick's Sporting Goods Inc,NYSE,134.29,120.15,11.77,244.38,-45.0,119.4,Retail Trade,Specialty Stores,United States,-0.3,14.4,-38.8,-42.0,-1.8,,
NXT,Nextpower Inc.,NASDAQ,77.93,74.91,4.03,163.13,-52.2,118.2,Electronic Technology,Electronic Equipment/Instruments,United States,-1.74,20.2,1.2,-33.5,-7.2,,
TRU,TransUnion,NYSE,61.12,61,0.2,89.12,-31.4,117.1,Commercial Services,Financial Publishing/Services,United States,-4.93,16.1,-28.6,-18.7,-28.1,,
BJ,"BJ's Wholesale Club Holdings, Inc.",NYSE,92,83.21,10.56,105.78,-13.0,116.2,Retail Trade,Specialty Stores,United States,-3.65,20.1,-1.6,4.8,1.0,,
ALLY,Ally Financial Inc.,NYSE,37.62,35.92,4.73,47.29,-20.4,114.4,Finance,Finance/Rental/Leasing,United States,-0.5,8.9,-6.0,-19.1,-10.4,,
AFG,"American Financial Group, Inc.",NYSE,136.76,123.09,11.1,150.02,-8.8,113.4,Finance,Property/Casualty Insurance,United States,-1.23,12.0,-5.3,-3.2,-4.9,,
ELS,"Equity Lifestyle Properties, Inc.",NYSE,58.33,58.32,0.02,69,-15.5,113.2,Finance,Real Estate Investment Trusts,United States,-0.65,28.3,-1.8,-10.9,-8.1,,
PNW,Pinnacle West Capital Corporation,NYSE,93.04,86.18,7.96,111.16,-16.3,112.8,Utilities,Electric Utilities,United States,-0.39,17.8,5.9,-13.0,-4.1,,
LULU,lululemon athletica inc.,NASDAQ,96.19,95.35,0.88,225.98,-57.4,111.4,Consumer Non-Durables,Apparel/Footwear,Canada,-0.7,7.9,-46.1,-17.4,-19.2,,
WTRG,"Essential Utilities, Inc.",NYSE,39.19,36.1,8.54,42.51,-7.8,111.2,Utilities,Water Utilities,United States,-0.1,20.0,-0.0,2.0,-3.6,,
CSGP,"CoStar Group, Inc.",NASDAQ,27.4,25.89,5.82,85.24,-67.9,111.0,Technology Services,Internet Software/Services,United States,1.67,150.8,-67.5,-7.3,-14.2,,
GLPI,"Gaming and Leisure Properties, Inc.",NASDAQ,37.97,37.88,0.24,49.95,-24.0,110.5,Finance,Real Estate Investment Trusts,United States,-0.78,11.1,-18.9,-13.8,-10.3,,
HRL,Hormel Foods Corporation,NYSE,19.94,19.42,2.68,26.6,-25.0,109.7,Consumer Non-Durables,Food: Meat/Fish/Dairy,United States,0.45,32.0,-19.3,-20.1,-7.4,,
AMH,American Homes 4 Rent,NYSE,30.39,27.21,11.67,35.07,-13.3,109.3,Finance,Real Estate Investment Trusts,United States,-0.95,24.0,-6.1,-10.1,-9.1,,
UDR,"UDR, Inc.",NYSE,33.55,32.94,1.85,42,-20.1,107.8,Finance,Real Estate Investment Trusts,United States,-1.18,21.4,-9.2,-17.8,-9.3,,
AGNC,AGNC Investment Corp.,NASDAQ,9.07,9.05,0.22,12.19,-25.6,107.5,Finance,Real Estate Investment Trusts,United States,-4.02,4.8,-6.9,-16.7,-15.5,,
COO,"The Cooper Companies, Inc.",NASDAQ,56.53,51.01,10.82,89.83,-37.1,107.5,Health Technology,Medical Specialties,United States,-0.18,19.3,-16.4,-22.4,-19.8,,
DECK,Deckers Outdoor Corporation,NYSE,78.14,77.2,1.22,122.29,-36.1,106.4,Consumer Non-Durables,Apparel/Footwear,United States,0.59,11.1,-24.4,-23.3,-10.8,,
AES,The AES Corporation,NYSE,14.9,13.21,12.79,17.65,-15.6,106.3,Utilities,Electric Utilities,United States,0.27,5.6,13.6,1.5,1.2,,
SF,Stifel Financial Corporation,NYSE,70.04,67.81,3.3,89.83,-22.0,105.8,Finance,Investment Managers,United States,0.49,12.5,-8.9,-3.7,-13.6,,
HII,"Huntington Ingalls Industries, Inc.",NYSE,267.07,256.79,4.0,460,-41.9,105.2,Electronic Technology,Aerospace & Defense,United States,2.86,15.9,-4.5,-5.6,-8.4,,
SCI,Service Corporation International,NYSE,76.15,68.41,11.31,90.99,-16.3,103.8,Consumer Services,Other Consumer Services,United States,-0.89,19.9,-8.6,-1.2,-8.8,,
FNF,"Fidelity National Financial, Inc.",NYSE,38.65,38.06,1.55,60.37,-36.0,103.7,Finance,Specialty Insurance,United States,-6.1,13.5,-35.6,-20.2,-18.4,,
AR,Antero Resources Corporation,NYSE,33.39,29.1,14.74,45.75,-27.0,102.7,Energy Minerals,Oil & Gas Production,United States,-0.54,9.6,-0.0,-5.1,-14.5,,
TXRH,"Texas Roadhouse, Inc.",NASDAQ,156.34,153.82,1.63,216.3,-27.7,102.6,Consumer Services,Restaurants,United States,-0.55,25.0,-5.8,-18.8,-21.1,,
ERIE,Erie Indemnity Company,NASDAQ,219.15,204.63,7.1,330.54,-33.7,102.1,Finance,Property/Casualty Insurance,United States,-1.47,20.0,-30.1,-12.2,-15.0,,
DCI,"Donaldson Company, Inc.",NYSE,87.04,79.42,9.59,112.84,-22.9,100.9,Producer Manufacturing,Auto Parts: OEM,United States,-0.31,22.6,7.2,-1.7,-5.1,,
DPZ,Domino's Pizza Inc,NASDAQ,299.61,282,6.24,442.35,-32.3,99.1,Consumer Services,Restaurants,United States,-0.73,17.0,-30.7,-2.9,-13.9,,
EVR,Evercore Inc.,NYSE,257.5,254.31,1.25,388.71,-33.8,99.0,Finance,Investment Banks/Brokers,United States,-0.37,14.6,-24.6,-25.8,-10.5,,
CLX,Clorox Company (The),NYSE,81.01,80.84,0.21,128.9,-37.2,98.0,Consumer Non-Durables,Household/Personal Care,United States,-0.72,16.8,-34.0,-16.8,-20.7,,
DRS,"Leonardo DRS, Inc.",NASDAQ,36.63,32.43,12.95,50.59,-27.6,97.8,Electronic Technology,Aerospace & Defense,United States,-0.27,30.6,-16.1,-15.1,-5.5,,
ONON,On Holding AG,NYSE,29.61,26.36,12.31,51.08,-42.0,97.5,Consumer Non-Durables,Apparel/Footwear,Switzerland,0.2,19.8,-32.3,-18.9,2.8,,
BSY,"Bentley Systems, Incorporated",NASDAQ,31.95,28.08,13.8,57.25,-44.2,96.5,Technology Services,Information Technology Services,United States,2.67,35.2,-38.4,2.6,-13.9,,
WMS,"Advanced Drainage Systems, Inc.",NYSE,126.71,124.75,1.57,179.31,-29.3,95.5,Producer Manufacturing,Miscellaneous Manufacturing,United States,-1.39,21.9,-7.7,-16.7,-6.6,,
DKNG,DraftKings Inc.,NASDAQ,19,18.95,0.26,36.98,-48.6,94.3,Consumer Services,Movies/Entertainment,United States,-3.01,,-54.6,-26.0,-23.5,,是
OGE,OGE Energy Corp,NYSE,45.42,41.7,8.93,50.59,-10.2,93.8,Utilities,Electric Utilities,United States,0.09,19.9,-1.0,-6.7,0,,
ZIONP,Zions Bancorporation N.A. - Depositary Shares each representing a 1/40th ownership interest in a share of Series A Floating-Rate Non-Cumulative Perpetual Prefer,NASDAQ,17.5,16.72,4.67,22.27,-21.4,91.4,Finance,Major Banks,United States,-1.57,2.2,-19.9,-4.7,-3.1,,
PODD,Insulet Corporation,NASDAQ,130.47,126.4,3.22,354.88,-63.2,90.5,Health Technology,Medical Specialties,United States,-1.78,25.9,-58.1,-18.9,-8.7,,
ORI,Old Republic International Corporation,NYSE,37.31,36.65,1.8,46.76,-20.2,90.1,Finance,Specialty Insurance,United States,-1.94,8.2,-10.8,-9.4,-11.2,,
APTV,Aptiv PLC,NYSE,43.02,42.92,0.23,78.49,-45.2,89.3,Producer Manufacturing,Electrical Products,Switzerland,-0.81,40.8,-40.8,-29.7,-5.7,,
HLI,"Houlihan Lokey, Inc.",NYSE,126.34,112.83,11.97,205.36,-38.5,88.3,Finance,Investment Banks/Brokers,United States,-0.88,21.2,-39.0,-9.5,-3.6,,
RRC,Range Resources Corporation,NYSE,37.04,32.68,13.34,48.31,-23.3,86.6,Energy Minerals,Oil & Gas Production,United States,0.43,10.2,-0.1,-1.3,-11.8,,
CTRE,"CareTrust REIT, Inc.",NYSE,36.58,32.79,11.56,43.62,-16.1,86.4,Finance,Real Estate Investment Trusts,United States,-1.67,23.1,7.3,-11.0,-5.9,,
YMM,Full Truck Alliance Co. Ltd.,NYSE,8.27,7.46,10.93,14.07,-41.2,85.8,Technology Services,Packaged Software,China,0,14.5,-37.6,-2.5,-6.0,,
SPXC,"SPX Technologies, Inc.",NYSE,169.56,168.11,0.86,251.08,-32.5,84.9,Producer Manufacturing,Building Products,United States,-0.63,29.7,-7.9,-27.3,-14.0,,
BRX,Brixmor Property Group Inc.,NYSE,27.6,24.66,11.94,32.86,-16.0,84.7,Finance,Real Estate Investment Trusts,United States,-0.93,19.7,0.4,-11.2,-5.1,,
CUBE,CubeSmart,NYSE,37.58,35.09,7.1,43.26,-13.1,84.6,Finance,Real Estate Investment Trusts,United States,-0.77,25.7,-7.5,-7.2,-5.9,,
PNR,Pentair plc.,NYSE,52.99,52.64,0.66,113.95,-53.5,84.6,Producer Manufacturing,Industrial Machinery,United Kingdom,-0.9,13.3,-51.7,-31.3,-13.3,,
ADC,Agree Realty Corporation,NYSE,66.81,66.5,0.47,82.08,-18.6,83.1,Finance,Real Estate Investment Trusts,United States,-1.24,36.0,-5.2,-13.1,-8.5,,
ALV,"Autoliv, Inc.",NYSE,111.89,99.16,12.84,132.17,-15.3,81.9,Producer Manufacturing,Auto Parts: OEM,Sweden,-1.02,13.2,-10.1,-3.2,-8.7,,
WAL,Western Alliance Bancorporation,NYSE,75.1,65.81,14.11,97.23,-22.8,81.9,Finance,Regional Banks,United States,-0.87,8.5,-14.2,-11.1,-4.5,,
WYNN,"Wynn Resorts, Limited",NASDAQ,79.43,77.06,3.08,134.72,-41.0,81.8,Consumer Services,Casinos/Gaming,United States,1.53,19.0,-39.7,-17.6,-16.5,,
DY,"Dycom Industries, Inc.",NYSE,269.08,265.09,1.51,566.47,-52.5,81.2,Industrial Services,Engineering & Construction,United States,0.01,24.5,-8.8,-42.9,-9.7,,
NIO,NIO Inc.,NYSE,3.43,3.38,1.48,8.02,-57.2,81.1,Consumer Durables,Motor Vehicles,China,0.88,,-53.0,-29.1,-20.7,,是
REXR,"Rexford Industrial Realty, Inc.",NYSE,36.27,32.14,12.85,44.38,-18.3,80.9,Finance,Real Estate Investment Trusts,United States,-3.02,,-11.9,6.7,-2.0,,是
KTOS,"Kratos Defense & Security Solutions, Inc.",NASDAQ,42.69,42.46,0.54,134,-68.1,80.1,Electronic Technology,Aerospace & Defense,United States,-0.84,245.5,-51.7,-22.9,-17.4,,
WLK,Westlake Corporation,NYSE,62.31,56.33,10.62,124.23,-49.8,79.6,Process Industries,Chemicals: Specialty,United States,-1.7,,-18.4,-14.5,-18.1,,是
PB,"Prosperity Bancshares, Inc.",NYSE,66.21,61.06,8.43,77.2,-14.2,79.6,Finance,Regional Banks,United States,-1.05,11.5,-0.2,-10.1,-8.4,,
OSK,Oshkosh Corporation (Holding Company),NYSE,128.82,116.77,10.32,180.49,-28.6,79.5,Consumer Durables,Motor Vehicles,United States,-2.17,14.7,-0.1,-12.3,-16.2,,
CNM,"Core & Main, Inc.",NYSE,41.48,40.03,3.62,59.66,-30.5,79.0,Distribution Services,Wholesale Distributors,United States,-0.43,17.1,-22.4,-9.2,-3.3,,
NNN,"NNN REIT, Inc.",NYSE,41.09,38.9,5.63,50,-17.8,78.9,Finance,Real Estate Investment Trusts,United States,-0.6,20.2,-2.7,-12.3,-10.0,,
MGM,MGM Resorts International,NYSE,31.05,29.18,6.39,51.59,-39.8,78.1,Consumer Services,Casinos/Gaming,United States,-1.49,18.8,-14.7,-34.8,-26.7,,
LINE,"Lineage, Inc.",NASDAQ,34.12,31.33,8.91,45.75,-25.4,77.7,Finance,Real Estate Investment Trusts,United States,-2.71,,-11.7,-21.8,-13.0,,是
ZWS,Zurn Elkay Water Solutions Corporation,NYSE,46.47,43.06,7.92,55.0,-15.5,77.1,Producer Manufacturing,Industrial Machinery,United States,-0.68,28.5,-0.9,-5.2,-2.9,,
AOS,A.O. Smith Corporation,NYSE,56.37,54.16,4.08,81.86,-31.1,76.6,Producer Manufacturing,Building Products,United States,-2.84,15.7,-22.8,-9.8,-6.0,,
UGI,UGI Corporation,NYSE,35.67,31.62,12.81,41.34,-13.7,76.5,Distribution Services,Wholesale Distributors,United States,-1.33,11.9,7.6,2.5,-5.6,,
ACM,AECOM,NYSE,58.95,58.08,1.49,135.52,-56.5,75.9,Industrial Services,Engineering & Construction,United States,0.17,21.5,-54.7,-11.9,-14.0,,
LEVI,Levi Strauss & Co,NYSE,19.7,17.72,11.17,25.7,-23.3,75.8,Consumer Non-Durables,Apparel/Footwear,United States,-0.25,16.1,-15.4,-20.5,-7.9,,
IDA,"IDACORP, Inc.",NYSE,130.73,124.12,5.33,154.91,-15.6,75.6,Utilities,Electric Utilities,United States,-0.3,21.6,0.3,-13.5,-3.1,,
IONS,"Ionis Pharmaceuticals, Inc.",NASDAQ,44.65,43.01,3.82,86.74,-48.5,74.2,Health Technology,Pharmaceuticals: Major,United States,-2.7,,-30.1,-43.9,-26.9,,是
SFD,"Smithfield Foods, Inc.",NASDAQ,18.72,18.7,0.11,29.8,-37.2,73.7,Consumer Non-Durables,Food: Meat/Fish/Dairy,United States,-1.53,7.0,-20.3,-23.7,-14.8,,
KNSL,"Kinsale Capital Group, Inc.",NYSE,322.75,287.2,12.38,485,-33.5,73.5,Finance,Multi-Line Insurance,United States,-0.15,13.1,-22.4,-6.9,-14.2,,
CHWY,"Chewy, Inc.",NYSE,18.2,17.4,4.6,39.7,-54.2,73.2,Retail Trade,Internet Retail,United States,-0.33,27.8,-54.7,-12.0,-21.6,,
VFS,VinFast Auto Ltd.,NASDAQ,3.12,2.78,12.23,5.29,-41.0,73.0,Consumer Durables,Motor Vehicles,Vietnam,-1.27,,-3.7,-1.0,1.0,,是
AVAV,"AeroVironment, Inc.",NASDAQ,142.22,135.2,5.19,417.86,-66.0,72.3,Electronic Technology,Aerospace & Defense,United States,-0.71,,-53.8,-21.1,-2.4,,是
NFG,National Fuel Gas Company,NYSE,75.86,75.17,0.92,97.06,-21.8,72.1,Energy Minerals,Integrated Oil,United States,-1.66,10.6,-17.7,-2.9,-9.1,,
SARO,"StandardAero, Inc.",NYSE,21.35,21.33,0.09,34.48,-38.1,70.7,Transportation,Other Transportation,United States,-1.84,22.0,-19.4,-29.4,-13.6,,
SSD,"Simpson Manufacturing Company, Inc.",NYSE,170.88,156.32,9.31,213.49,-20.0,70.0,Producer Manufacturing,Building Products,United States,-1.79,18.7,2.2,-15.8,-5.9,,
STAG,"Stag Industrial, Inc.",NYSE,35.81,35.2,1.73,42.61,-16.0,69.0,Finance,Real Estate Investment Trusts,United States,-2.93,27.5,2.5,-7.3,-4.1,,
OKLO,Oklo Inc.,NYSE,37.02,34.38,7.68,193.84,-80.9,68.9,Producer Manufacturing,Industrial Machinery,United States,-0.24,,-67.9,-29.9,-6.5,,是
MOS,Mosaic Company (The),NYSE,21.65,19.8,9.37,36,-39.9,68.8,Process Industries,Chemicals: Agricultural,United States,-3.43,,-37.6,0.7,-8.6,,是
AXS,Axis Capital Holdings Limited,NYSE,94.2,88.07,6.96,119.99,-21.5,68.7,Finance,Multi-Line Insurance,Bermuda,-1.09,6.7,-0.5,-15.0,-5.3,,
TAP,Molson Coors Beverage Company,NYSE,36.47,35.52,2.67,54.82,-33.5,68.6,Consumer Non-Durables,Beverages: Alcoholic,United States,1.28,,-19.5,-7.8,-11.7,,是
AWI,Armstrong World Industries Inc,NYSE,161.93,150.28,7.75,206.08,-21.4,68.4,Producer Manufacturing,Miscellaneous Manufacturing,United States,-0.71,22.2,-16.4,1.8,-6.9,,
AAON,"AAON, Inc.",NASDAQ,82.76,73.19,13.08,150.46,-45.0,68.2,Producer Manufacturing,Industrial Machinery,United States,-2.76,43.3,-9.5,-28.9,9.6,,
FSS,Federal Signal Corporation,NYSE,110.79,101.19,9.49,134.51,-17.6,67.6,Consumer Durables,Motor Vehicles,United States,-3.04,23.9,-6.8,-13.1,-5.8,,
BROS,Dutch Bros Inc.,NYSE,38.56,37.4,3.1,74.02,-47.9,67.4,Consumer Services,Restaurants,United States,1.21,54.4,-26.4,-47.7,-22.3,,
NCLH,Norwegian Cruise Line Holdings Ltd.,NYSE,14.66,13.63,7.55,25.12,-41.7,67.3,Consumer Services,Hotels/Resorts/Cruise lines,United States,-0.95,9.3,-40.7,-29.8,-10.8,,
CAG,"ConAgra Brands, Inc.",NYSE,13.44,12.53,7.26,20.32,-33.8,64.3,Consumer Non-Durables,Food: Major Diversified,United States,-4.88,,-25.3,-6.7,-16.0,,是
PPC,Pilgrim's Pride Corporation,NASDAQ,27.01,25.9,4.29,44.84,-39.8,64.3,Process Industries,Agricultural Commodities/Milling,United States,-0.95,11.8,-32.6,-5.4,-13.9,,
TXNM,"TXNM Energy, Inc.",NYSE,58.32,55.64,4.82,59.53,-2.0,64.2,Utilities,Electric Utilities,United States,-0.31,32.4,3.1,2.6,1.0,,
DPC,DPC Holdings PLC,NYSE,42.26,37.65,12.24,57.25,-26.2,63.1,Producer Manufacturing,Electrical Products,United Kingdom,1.93,,-4.0,-11.0,3.2,,
BILI,Bilibili Inc.,NASDAQ,15.02,14.39,4.38,36.4,-58.7,62.9,Technology Services,Packaged Software,China,1.21,31.3,-47.8,-12.9,-9.1,,
MBLY,Mobileye Global Inc.,NASDAQ,7.39,6.47,14.22,15.81,-53.3,62.8,Technology Services,Packaged Software,Israel,-2.31,,-47.6,-23.7,-13.7,,是
FAF,First American Corporation (New),NYSE,60.74,56.2,8.08,79.87,-24.0,62.0,Finance,Specialty Insurance,United States,-5.14,8.4,-5.2,-13.5,-18.1,,
SFM,"Sprouts Farmers Market, Inc.",NASDAQ,66.35,61.88,7.22,114.34,-42.0,61.9,Retail Trade,Food Retail,United States,2.63,12.7,-39.1,-23.9,-18.5,,
DOX,Amdocs Limited,NASDAQ,57.18,49.74,14.96,85.63,-33.2,61.5,Technology Services,Information Technology Services,United States,-0.71,13.7,-29.3,10.6,-8.7,,
BLDR,"Builders FirstSource, Inc.",NYSE,57.01,56.56,0.8,131.5,-56.6,61.3,Retail Trade,Home Improvement Chains,United States,-0.9,62.0,-52.1,-33.8,-14.9,,
Z,"Zillow Group, Inc.",NASDAQ,27.13,26.93,0.74,79.4,-65.8,61.3,Technology Services,Internet Software/Services,United States,-0.77,120.4,-66.4,-18.8,-23.1,,
HR,Healthcare Realty Trust Incorporated,NYSE,17.74,16.31,8.77,22.04,-19.5,60.8,Finance,Real Estate Investment Trusts,United States,-1.11,,-0.2,-13.2,-6.4,,是
INGR,Ingredion Incorporated,NYSE,95.81,94.44,1.45,123.49,-22.4,60.4,Consumer Non-Durables,Food: Specialty/Candy,United States,-0.67,10.4,-20.9,-0.8,-8.3,,
JOBY,"Joby Aviation, Inc.",NYSE,6.05,5.93,2.02,19.98,-69.7,60.1,Electronic Technology,Aerospace & Defense,United States,1.0,,-62.0,-32.2,-12.3,,是
CRUS,"Cirrus Logic, Inc.",NASDAQ,119.97,106.26,12.9,180.42,-33.5,60.1,Electronic Technology,Semiconductors,United States,-0.69,14.7,-3.3,-18.1,10.1,,
GATX,GATX Corporation,NYSE,170.02,150.42,13.03,205.56,-17.3,60.0,Transportation,Railroads,United States,-3.32,16.9,-2.6,-1.6,-4.2,,
CPB,The Campbell's Company,NASDAQ,19.83,19.26,2.96,32.09,-38.2,59.1,Consumer Non-Durables,Food: Specialty/Candy,United States,-1.98,15.0,-36.0,-15.5,-15.0,,
SWX,"Southwest Gas Holdings, Inc.",NYSE,81.54,76.74,6.25,94.47,-13.7,59.1,Utilities,Gas Distributors,United States,-0.85,11.4,4.1,-8.5,-8.3,,
VIPS,Vipshop Holdings Limited,NYSE,12.51,12.02,4.08,21.08,-40.7,58.9,Retail Trade,Internet Retail,China,1.05,4.2,-35.2,-7.7,-6.9,,
POOL,Pool Corporation,NASDAQ,161.87,160.38,0.93,313.75,-48.4,58.8,Distribution Services,Wholesale Distributors,United States,-0.4,14.9,-47.7,-25.0,-12.9,,
LUMN,"Lumen Technologies, Inc.",NYSE,5.6,5.46,2.56,11.95,-53.1,57.8,Communications,Major Telecommunications,United States,1.08,,-4.3,-22.2,-6.5,,是
LKQ,LKQ Corporation,NASDAQ,22.83,21.17,7.84,37.13,-38.5,57.8,Consumer Durables,Automotive Aftermarket,United States,-1.21,12.6,-24.9,-13.1,-9.9,,
BIRK,Birkenstock Holding plc,NYSE,32.41,29.93,8.29,50.73,-36.1,57.7,Consumer Non-Durables,Apparel/Footwear,United Kingdom,-1.91,15.1,-27.9,-28.1,-7.8,,
XE,"X-Energy, Inc.",NASDAQ,14.18,13.29,6.7,37.1,-61.8,57.6,Producer Manufacturing,Industrial Machinery,United States,-0.77,,-55.7,-23.4,-18.1,,
LW,"Lamb Weston Holdings, Inc.",NYSE,41.69,37.62,10.82,67.07,-37.8,57.3,Consumer Non-Durables,Food: Specialty/Candy,United States,-3.65,20.0,-29.8,-7.4,-23.7,,
TTD,"The Trade Desk, Inc.",NASDAQ,12.17,11.85,2.7,56.39,-78.4,57.2,Technology Services,Packaged Software,United States,1.0,14.4,-75.7,-36.2,-12.9,,
HOMB,"Home BancShares, Inc.",NYSE,28.18,25.5,10.51,31.7,-11.1,56.4,Finance,Regional Banks,United States,-0.81,11.7,-0.7,-3.0,-4.7,,
ACI,"Albertsons Companies, Inc.",NYSE,11.61,10.86,6.91,20,-42.0,56.3,Retail Trade,Food Retail,United States,-0.26,155.2,-33.2,-17.1,-7.0,,
EPRT,"Essential Properties Realty Trust, Inc.",NYSE,25.81,25.77,0.16,34.73,-25.7,56.3,Finance,Real Estate Investment Trusts,United States,-1.75,20.1,-12.3,-14.7,-14.8,,
ORA,"Ormat Technologies, Inc.",NYSE,91.49,89.31,2.44,146.39,-37.5,56.3,Utilities,Electric Utilities,United States,0.24,44.8,-5.2,-17.6,-11.1,,
GBCI,"Glacier Bancorp, Inc.",NYSE,43.2,39.9,8.28,54.58,-20.8,56.3,Finance,Regional Banks,United States,-1.08,17.7,-11.8,-18.5,-7.7,,
BXSL,Blackstone Secured Lending Fund,NYSE,23.98,22.47,6.72,28.59,-16.1,55.9,Miscellaneous,Investment Trusts/Mutual Funds,United States,-2.64,18.9,-8.1,-0.1,-2.9,,
MGY,Magnolia Oil & Gas Corporation,NYSE,23.49,21.07,11.51,32.76,-28.3,55.7,Energy Minerals,Oil & Gas Production,United States,-0.47,10.3,-1.8,-7.0,-12.7,,
VFC,V.F. Corporation,NYSE,14.06,12.46,12.89,22.27,-36.9,55.3,Consumer Non-Durables,Apparel/Footwear,United States,-3.03,20.5,-2.7,-17.2,4.1,,
RYN,Rayonier Inc. REIT,NYSE,18.36,18.36,0.03,27.06,-32.2,54.9,Finance,Real Estate Investment Trusts,United States,-1.18,40.8,-30.2,-14.4,-10.3,,
JBTM,JBT Marel Corporation,NYSE,105.59,105.29,0.28,170.19,-38.0,54.8,Producer Manufacturing,Industrial Machinery,United States,-4.29,28.8,-23.2,-27.5,-10.0,,
PTCT,"PTC Therapeutics, Inc.",NASDAQ,64.78,61.16,5.92,90.87,-28.7,54.1,Health Technology,Pharmaceuticals: Major,United States,-0.28,,6.4,-20.3,-7.4,,是
JMKE,Jersey Mike's Subs Inc.,NYSE,16.82,16.45,2.25,24.99,-32.7,53.4,Consumer Services,Restaurants,United States,-0.59,,-19.9,-19.9,-24.6,,
WH,"Wyndham Hotels & Resorts, Inc.",NYSE,71.84,66.87,7.43,90.35,-20.5,53.3,Consumer Services,Hotels/Resorts/Cruise lines,United States,-0.83,26.3,-10.8,-15.3,-4.4,,
MTG,MGIC Investment Corporation,NYSE,25.84,24.69,4.66,31.89,-19.0,53.0,Finance,Property/Casualty Insurance,United States,-8.53,8.1,-9.2,-8.7,-16.4,,
CHDN,"Churchill Downs, Incorporated",NASDAQ,75.68,74.37,1.76,118.35,-36.1,52.7,Consumer Services,Movies/Entertainment,United States,-0.63,13.0,-22.8,-15.2,-15.3,,
PECO,"Phillips Edison & Company, Inc.",NASDAQ,37.34,32.98,13.22,44.38,-15.9,52.7,Finance,Real Estate Investment Trusts,United States,-0.82,34.4,9.5,-10.2,-4.4,,
POR,Portland General Electric Co,NYSE,44.63,42.58,4.83,54.62,-18.3,52.5,Utilities,Electric Utilities,United States,0.31,19.8,2.9,-13.9,-9.4,,
EXP,Eagle Materials Inc,NYSE,171.02,170.46,0.33,245.53,-30.3,52.5,Non-Energy Minerals,Construction Materials,United States,-1.47,13.5,-26.9,-22.8,-12.6,,
STEP,StepStone Group Inc.,NASDAQ,43.4,38.85,11.71,77.8,-44.2,52.4,Finance,Investment Managers,United States,0.58,,-35.0,4.6,-13.1,,是
AN,"AutoNation, Inc.",NYSE,157.44,152.86,3.0,235.81,-33.2,52.1,Retail Trade,Specialty Stores,United States,0.41,7.3,-27.5,-15.3,-21.1,,
ESNT,Essent Group Ltd.,NYSE,57.91,55.34,4.64,70.37,-17.7,52.0,Finance,Specialty Insurance,Bermuda,-8.43,8.1,-9.1,-10.3,-15.0,,
RRR,"Red Rock Resorts, Inc.",NASDAQ,49.54,47.78,3.68,68.99,-28.2,52.0,Consumer Services,Hotels/Resorts/Cruise lines,United States,1.41,17.5,-20.4,-23.0,-13.6,,
OBDC,Blue Owl Capital Corporation,NYSE,10.49,10.47,0.19,13.57,-22.7,51.7,Finance,Financial Conglomerates,United States,-2.96,18.4,-18.0,-4.3,-6.6,,
MAIN,Main Street Capital Corporation,NYSE,55.05,48.95,12.46,65.23,-15.6,51.5,Finance,Financial Conglomerates,United States,-1.59,11.1,-13.4,4.9,-5.9,,
CWST,"Casella Waste Systems, Inc.",NASDAQ,80.35,74.05,8.51,107.96,-25.6,51.1,Industrial Services,Environmental Services,United States,0.19,897.8,-11.9,-16.1,-13.4,,
ROAD,"Construction Partners, Inc.",NASDAQ,90.03,88.73,1.47,151,-40.4,51.1,Industrial Services,Engineering & Construction,United States,-2.03,35.4,-29.2,-17.4,-17.3,,
IBP,"Installed Building Products, Inc.",NYSE,191.88,191.19,0.36,349,-45.0,51.0,Industrial Services,Engineering & Construction,United States,-1.06,20.7,-23.4,-15.0,-22.0,,
GXO,"GXO Logistics, Inc.",NYSE,44.45,43.61,1.93,66.85,-33.5,51.0,Transportation,Air Freight/Couriers,United States,-0.69,39.2,-16.1,-14.5,-5.7,,
MBGL,Mobility Global Inc.,NYSE,17.15,17.14,0.06,26,-34.0,50.6,Technology Services,Internet Software/Services,United States,-3.65,,-31.5,-18.1,-14.4,,
SBRA,"Sabra Health Care REIT, Inc.",NASDAQ,19.72,17.16,14.88,22.77,-13.4,50.4,Finance,Real Estate Investment Trusts,United States,-0.3,75.8,5.7,0.1,-3.9,,
OZK,Bank OZK,NASDAQ,45.96,42.37,8.47,53.39,-13.9,50.2,Finance,Regional Banks,United States,-0.52,7.6,-10.3,-13.7,-6.9,,
STWD,Starwood Property Trust Inc.,NYSE,13.5,13.5,0.0,19.57,-31.0,50.0,Finance,Real Estate Investment Trusts,United States,-5.99,22.7,-30.5,-18.2,-14.4,,
RITM,Rithm Capital Corp.,NYSE,8.93,8.43,5.93,12.14,-26.5,49.9,Finance,Real Estate Investment Trusts,United States,-2.08,14.9,-22.8,-2.8,-11.1,,
SIGI,"Selective Insurance Group, Inc.",NASDAQ,83.6,72.78,14.87,100.4,-16.7,49.8,Finance,Property/Casualty Insurance,United States,-1.22,10.4,5.4,-14.7,-9.3,,
NXST,"Nexstar Media Group, Inc.",NASDAQ,161.57,154.47,4.6,254.3,-36.5,49.8,Consumer Services,Broadcasting,United States,0.06,30.8,-18.3,-10.3,-12.2,,
KRG,Kite Realty Group Trust,NYSE,24.39,21.33,14.35,29.92,-18.5,48.9,Finance,Real Estate Investment Trusts,United States,-1.26,15.6,10.6,-14.2,-5.9,,
FND,"Floor & Decor Holdings, Inc.",NYSE,45.81,42.64,7.43,77.46,-40.9,48.8,Retail Trade,Home Improvement Chains,United States,-2.68,21.4,-39.5,-21.3,-12.6,,
MWH,"SOLV Energy, Inc.",NASDAQ,24.02,23.53,2.08,48.4,-50.4,48.6,Industrial Services,Engineering & Construction,United States,-0.87,,-19.9,-24.3,-8.0,,
FLG,"Flagstar Bank, N.A.",NYSE,11.67,10.57,10.41,15.44,-24.4,48.4,Finance,Major Banks,United States,-1.44,577.7,1.5,-22.6,-13.2,,
BYD,Boyd Gaming Corporation,NYSE,66.57,66.55,0.03,91.41,-27.2,48.4,Consumer Services,Casinos/Gaming,United States,-0.76,2.9,-23.7,-24.6,-15.8,,
GOLF,Acushnet Holdings Corp.,NYSE,82.5,75.16,9.77,119.65,-31.0,48.2,Consumer Durables,Recreational Products,United States,0.1,22.5,6.7,-30.4,-5.5,,
IEP,Icahn Enterprises L.P.,NASDAQ,6.75,6.51,3.69,9.32,-27.6,48.0,Energy Minerals,Oil Refining/Marketing,United States,-1.6,,-20.1,-6.4,0,,是
KLAR,Klarna Group plc,NYSE,12.39,12.06,2.74,44.75,-72.3,46.8,Commercial Services,Miscellaneous Commercial Services,United Kingdom,0.24,,-67.4,-39.7,-13.5,,是
UEC,Uranium Energy Corp.,AMEX,9.45,8.9,6.12,20.34,-53.5,46.8,Non-Energy Minerals,Other Metals/Minerals,United States,1.72,,-28.8,-12.0,-23.2,,是
MC,Moelis & Company,NYSE,57.52,51.06,12.65,78.22,-26.5,46.7,Finance,Investment Banks/Brokers,United States,-0.83,20.0,-20.4,-14.7,-15.1,,
PIPR,Piper Sandler Companies,NYSE,65.97,64.22,2.72,95.06,-30.6,46.6,Finance,Investment Banks/Brokers,United States,1.93,15.3,-25.6,-9.6,-12.4,,
VSEC,VSE Corporation,NASDAQ,164.7,154.67,6.48,247.85,-33.5,46.2,Industrial Services,Engineering & Construction,United States,-4.02,60.7,0.8,-29.2,-22.9,,
CNX,CNX Resources Corporation,NYSE,31.17,31.11,0.21,43.62,-28.5,46.1,Energy Minerals,Oil & Gas Production,United States,-0.13,5.2,-3.0,-7.8,-14.9,,
GNTX,Gentex Corporation,NASDAQ,21.74,20.48,6.15,28.01,-22.4,45.8,Producer Manufacturing,Auto Parts: OEM,United States,-1.76,11.5,-23.1,-12.3,-4.6,,
REYN,Reynolds Consumer Products Inc.,NASDAQ,21.62,20.44,5.77,27.32,-20.9,45.6,Consumer Non-Durables,Household/Personal Care,United States,-2.04,13.2,-10.3,-20.7,-9.6,,
FFIN,"First Financial Bankshares, Inc.",NASDAQ,31.74,28.11,12.89,36.52,-13.1,45.5,Finance,Major Banks,United States,0.03,16.9,-5.9,-11.0,-4.9,,
OGS,"ONE Gas, Inc.",NYSE,71.87,70.91,1.35,90.78,-20.8,45.2,Utilities,Gas Distributors,United States,-0.46,15.5,-11.1,-7.1,-8.9,,
ATAT,Atour Lifestyle Holdings Limited,NASDAQ,32.62,30.77,6.0,43.17,-24.4,45.2,Consumer Services,Hotels/Resorts/Cruise lines,China,-0.7,16.1,-14.2,-0.1,-7.6,,
LPX,Louisiana-Pacific Corporation,NYSE,64.55,64.49,0.09,100.34,-35.7,45.1,Non-Energy Minerals,Forest Products,United States,-1.84,83.7,-24.3,-18.6,-8.2,,
SR,Spire Inc.,NYSE,76.09,75.71,0.5,95.31,-20.2,45.0,Utilities,Gas Distributors,United States,-0.89,8.5,-6.5,-3.1,-6.7,,
OTF,Blue Owl Technology Finance Corp.,NYSE,9.81,9.75,0.62,15,-34.6,44.9,Finance,Finance/Rental/Leasing,United States,-4.48,12.1,-29.2,-10.1,-13.6,,
AMTM,"Amentum Holdings, Inc.",NYSE,18.12,17.89,1.29,38.11,-52.5,44.3,Electronic Technology,Aerospace & Defense,United States,-0.17,21.7,-20.4,-11.7,-10.5,,
EQPT,EquipmentShare.com Inc,NASDAQ,17.37,15.71,10.59,35.5,-51.1,44.1,Technology Services,Internet Software/Services,United States,-6.11,224.1,-48.2,-12.1,-1.1,,
NNI,"Nelnet, Inc.",NYSE,123.08,116.62,5.54,144.38,-14.8,44.0,Finance,Finance/Rental/Leasing,United States,-0.77,15.0,-2.4,-9.2,-3.1,,
PSN,Parsons Corporation,NYSE,40.97,36.26,12.99,89.5,-54.2,43.8,Technology Services,Information Technology Services,United States,-1.4,28.3,-50.2,-24.5,-15.4,,
KRMN,Karman Holdings Inc.,NYSE,32.42,32.2,0.68,118.38,-72.6,43.0,Electronic Technology,Aerospace & Defense,United States,-1.34,115.5,-54.5,-42.6,-28.3,,
CNR,"Core Natural Resources, Inc.",NYSE,85.84,74.75,14.84,114.8,-25.2,42.6,Energy Minerals,Coal,United States,-0.76,43.3,1.7,9.2,-14.6,,
IBOC,International Bancshares Corporation,NASDAQ,68.5,63.2,8.39,78.46,-12.7,42.6,Finance,Regional Banks,United States,-0.65,10.3,-0.6,-11.1,-3.3,,
UFPI,"UFP Industries, Inc.",NASDAQ,77.22,77.19,0.04,118,-34.6,42.6,Non-Energy Minerals,Forest Products,United States,-1.97,17.8,-15.6,-13.4,-9.8,,
BEPC,Brookfield Renewable Corporation,NYSE,28.22,27.57,2.36,45.18,-37.5,42.6,Utilities,Electric Utilities,United States,0.43,,-18.7,-23.6,-11.8,,是
FELE,"Franklin Electric Co., Inc.",NASDAQ,95.89,89.53,7.1,115.81,-17.2,42.4,Producer Manufacturing,Industrial Machinery,United States,-0.76,27.6,1.7,-9.1,-4.4,,
ALH,Alliance Laundry Holdings Inc.,NYSE,21.3,18.64,14.27,28.23,-24.5,42.3,Producer Manufacturing,Industrial Machinery,United States,-1.98,24.0,-13.1,-19.2,-7.6,,
BDC,Belden Inc,NYSE,107.93,98,10.13,159.99,-32.5,42.2,Producer Manufacturing,Electrical Products,United States,-1.21,17.5,-10.6,-8.9,-6.3,,
BC,Brunswick Corporation,NYSE,64.24,58.56,9.7,90.25,-28.8,41.6,Producer Manufacturing,Trucks/Construction/Farm Machinery,United States,-1.21,,0.1,-21.7,-16.0,,是
BCO,Brinks Company (The),NYSE,100.99,91.05,10.92,136.37,-25.9,41.6,Commercial Services,Miscellaneous Commercial Services,United States,-2.07,23.4,-13.2,1.6,-8.9,,
ADT,ADT Inc.,NYSE,6.08,6.07,0.16,8.89,-31.6,41.1,Commercial Services,Miscellaneous Commercial Services,United States,-0.98,8.4,-30.8,-11.0,-19.4,,
MTH,Meritage Homes Corporation,NYSE,62.85,58.03,8.31,85.38,-26.4,41.0,Finance,Real Estate Development,United States,-1.64,13.1,-13.6,-23.4,-10.3,,
ESAB,ESAB Corporation,NYSE,65.88,64.83,1.62,137.42,-52.1,41.0,Producer Manufacturing,Industrial Machinery,United States,-2.54,23.7,-39.9,-30.7,-13.0,,
RDN,Radian Group Inc.,NYSE,30.61,30.58,0.1,41.05,-25.4,40.5,Finance,Specialty Insurance,United States,-6.53,7.9,-16.2,-19.3,-15.8,,
PRIM,Primoris Services Corporation,NYSE,74.52,65,14.65,205.5,-63.7,40.1,Industrial Services,Engineering & Construction,United States,0.32,29.3,-44.8,-19.9,2.4,,
FRVO,Fervo Energy Company,NASDAQ,13.59,13.44,1.12,42.65,-68.1,40.1,Utilities,Alternative Power Generation,United States,-1.16,,-62.2,-53.1,-8.5,,
MRP,"Millrose Properties, Inc.",NYSE,25.97,25.92,0.19,34.03,-23.7,40.1,Finance,Real Estate Development,United States,-2.04,9.1,-23.4,-13.1,-14.7,,
LOPE,"Grand Canyon Education, Inc.",NASDAQ,151.59,134.27,12.9,223.04,-32.0,39.5,Commercial Services,Miscellaneous Commercial Services,United States,2.71,18.3,-30.1,2.2,0.9,,
SITE,"SiteOne Landscape Supply, Inc.",NYSE,90.31,86.2,4.77,168.56,-46.4,39.4,Distribution Services,Wholesale Distributors,United States,0.42,24.7,-29.8,-18.6,-7.7,,
SKT,Tanger Inc.,NYSE,34.3,31.13,10.18,42.52,-19.3,39.4,Finance,Real Estate Investment Trusts,United States,-1.61,31.4,2.7,-13.4,-9.2,,
MDU,"MDU Resources Group, Inc.",NYSE,18.54,17.43,6.37,22.98,-19.3,39.0,Utilities,Gas Distributors,United States,-0.75,19.5,4.5,-11.3,-6.0,,
VVV,Valvoline Inc.,NYSE,30.14,26.21,14.99,41.08,-26.6,38.5,Consumer Services,Other Consumer Services,United States,1.65,38.2,-16.2,-21.5,-7.0,,
TNL,Travel Leisure Co.,NYSE,61.87,58.07,6.54,81,-23.6,37.9,Consumer Services,Hotels/Resorts/Cruise lines,United States,-3.3,16.8,2.7,-18.9,-12.4,,
ITRI,"Itron, Inc.",NASDAQ,86.34,77.77,11.02,142,-39.2,37.8,Electronic Technology,Electronic Equipment/Instruments,United States,-1.2,14.4,-30.8,2.1,-11.3,,
IRTC,"iRhythm Holdings, Inc.",NASDAQ,113.66,100.85,12.71,212,-46.4,37.5,Health Technology,Medical Specialties,United States,-0.49,,-32.9,-8.9,-4.2,,是
FCN,"FTI Consulting, Inc.",NYSE,134.51,129.12,4.17,189.3,-28.9,37.1,Commercial Services,Miscellaneous Commercial Services,United States,1.83,16.3,-16.3,-10.6,-12.1,,
PSUS,"Pershing Square USA, Ltd.",NYSE,37.1,35.71,3.89,44,-15.7,37.1,Miscellaneous,Investment Trusts/Mutual Funds,United States,1.26,,-11.7,-5.2,-5.8,,
SLGN,Silgan Holdings Inc.,NYSE,34.75,34.64,0.32,49.55,-29.9,36.7,Process Industries,Containers/Packaging,United States,-0.97,13.7,-18.4,-25.3,-16.9,,
TDS,"Telephone and Data Systems, Inc.",NYSE,33.92,31.51,7.65,49.12,-30.9,36.5,Communications,Wireless Telecommunications,United States,-0.7,12.5,-12.2,-9.5,0.9,,
BOOT,"Boot Barn Holdings, Inc.",NYSE,120.47,119.21,1.06,210.25,-42.7,36.5,Retail Trade,Apparel/Footwear Retail,United States,-1.16,15.2,-27.4,-25.2,-21.9,,
PJT,PJT Partners Inc.,NYSE,142.71,127.73,11.73,195.62,-27.0,36.5,Finance,Investment Banks/Brokers,United States,-1.47,29.6,-20.9,-9.4,-21.0,,
CRK,"Comstock Resources, Inc.",NYSE,12.32,12.12,1.65,28.1,-56.2,36.2,Energy Minerals,Oil & Gas Production,United States,-1.52,7.2,-38.8,-16.1,-15.3,,
MAT,"Mattel, Inc.",NASDAQ,12.66,12.44,1.81,22.48,-43.7,36.2,Consumer Durables,Recreational Products,United States,-4.24,9.3,-25.3,-8.5,-16.0,,
USAC,"USA Compression Partners, LP",NYSE,24.87,21.85,13.82,30.55,-18.6,36.0,Industrial Services,Oilfield Services/Equipment,United States,-0.56,23.3,3.1,-4.7,-8.1,,
SRAD,Sportradar Group AG,NASDAQ,11.56,11.46,0.87,27.85,-58.5,36.0,Technology Services,Packaged Software,Switzerland,0,192.0,-59.4,-23.6,-10.6,,
XENE,Xenon Pharmaceuticals Inc.,NASDAQ,37.19,36.07,3.11,72.66,-48.8,36.0,Health Technology,Pharmaceuticals: Major,Canada,-0.16,,-4.4,-38.4,-37.9,,是
BMI,"Badger Meter, Inc.",NYSE,123.54,112.09,10.22,204,-39.4,35.8,Producer Manufacturing,Industrial Machinery,United States,-1.94,28.9,-30.3,-15.4,-8.5,,
THO,"Thor Industries, Inc.",NYSE,69.1,67.31,2.66,122.83,-43.7,35.7,Consumer Durables,Recreational Products,United States,-1.51,20.4,-34.2,-9.3,-9.8,,
BNL,"Broadstone Net Lease, Inc.",NYSE,18.5,17.16,7.84,23.1,-19.9,35.5,Finance,Real Estate Investment Trusts,United States,-2.01,24.7,5.0,-11.5,-12.6,,
ATMU,Atmus Filtration Technologies Inc.,NYSE,43.42,42.6,1.92,66.5,-34.7,35.4,Producer Manufacturing,Auto Parts: OEM,United States,-1.18,16.6,-4.0,-13.1,-8.2,,
OLED,Universal Display Corporation,NASDAQ,77.04,73.23,5.2,153.38,-49.8,35.4,Electronic Technology,Electronic Production Equipment,United States,1.16,18.6,-46.7,-7.5,-7.5,,
BANF,BancFirst Corporation,NASDAQ,105.28,101.48,3.74,128.95,-18.4,35.4,Finance,Regional Banks,United States,-1.01,14.2,-17.1,-9.2,-4.5,,
LAZ,"Lazard, Inc.",NYSE,36.23,35.16,3.04,58.75,-38.3,35.3,Finance,Investment Banks/Brokers,United States,1.2,17.8,-32.1,-14.2,-16.4,,
MIR,"Mirion Technologies, Inc.",NYSE,14.12,14.08,0.28,30.28,-53.4,35.2,Electronic Technology,Aerospace & Defense,United States,-1.53,160.1,-38.1,-22.0,-1.0,,
IRT,"Independence Realty Trust, Inc.",NYSE,14.53,14.45,0.59,17.79,-18.3,35.1,Finance,Real Estate Investment Trusts,United States,-2.02,79.4,-11.2,-15.8,-10.5,,
LMND,"Lemonade, Inc.",NYSE,45.14,43.28,4.3,99.9,-54.8,34.9,Finance,Multi-Line Insurance,United States,1.21,,-17.0,-34.8,-13.6,,是
ACAD,ACADIA Pharmaceuticals Inc.,NASDAQ,20.15,19.69,2.34,30.96,-34.9,34.7,Health Technology,Pharmaceuticals: Major,United States,-0.35,9.1,-6.1,-20.7,-30.6,,
KTB,"Kontoor Brands, Inc.",NYSE,63.03,56.19,12.17,88.96,-29.1,34.4,Consumer Non-Durables,Apparel/Footwear,United States,-1.96,13.2,-20.3,-24.6,-17.2,,
GPGI,"GPGI, Inc.",NYSE,11.87,11.16,6.31,26.78,-55.7,34.4,Producer Manufacturing,Industrial Machinery,United States,0.85,,-43.0,-28.7,-10.0,,是
SMR,NuScale Power Corporation,NYSE,7.9,7.21,9.57,57.42,-86.2,33.9,Producer Manufacturing,Electrical Products,United States,1.8,,-78.8,-22.5,-13.8,,是
GNW,Genworth Financial Inc,NYSE,8.97,7.84,14.41,10.69,-16.1,33.9,Finance,Multi-Line Insurance,United States,-2.82,17.0,0.4,-6.7,-9.8,,
IPGP,IPG Photonics Corporation,NASDAQ,78.28,69.41,12.78,155.82,-49.8,33.3,Electronic Technology,Semiconductors,United States,-0.31,121.2,-0.7,-31.9,2.4,,
MIAX,"Miami International Holdings, Inc.",NYSE,33.5,33.49,0.03,57.14,-41.4,33.2,Finance,Investment Banks/Brokers,United States,-1.09,43.1,-17.6,-14.9,-21.4,,
MWA,MUELLER WATER PRODUCTS,NYSE,21.24,21.2,0.17,31,-31.5,33.2,Producer Manufacturing,Industrial Machinery,United States,-1.07,15.0,-16.5,-15.8,-12.4,,
TOWN,Towne Bank,NASDAQ,35.65,31.91,11.72,39.02,-8.6,33.0,Finance,Regional Banks,United States,-0.47,10.0,2.6,-3.2,-4.4,,
LIF,"Life360, Inc.",NASDAQ,40.27,37.01,8.82,112.54,-64.2,32.8,Technology Services,Packaged Software,United States,0.59,23.5,-62.2,-29.7,-7.0,,
GBDC,"Golub Capital BDC, Inc.",NASDAQ,12.63,11.77,7.31,14.4,-12.3,32.8,Finance,Financial Conglomerates,United States,-0.16,19.4,-8.1,-3.1,-2.7,,
AB,AllianceBernstein Holding L.P.,NYSE,34.88,34.8,0.23,44.11,-20.9,32.5,Finance,Investment Managers,United States,-1.77,10.3,-9.0,-2.8,-5.4,,
NHI,"National Health Investors, Inc.",NYSE,65.63,65.51,0.18,91.38,-28.2,32.2,Finance,Real Estate Investment Trusts,United States,-1.55,19.0,-15.5,-14.2,-8.3,,
BBWI,"Bath & Body Works, Inc.",NYSE,15.92,14.28,11.52,27.4,-41.9,32.1,Retail Trade,Specialty Stores,United States,-0.44,4.1,-38.8,-28.9,-17.3,,
PFSI,"PennyMac Financial Services, Inc.",NYSE,61.72,61.67,0.08,160.36,-61.5,32.1,Finance,Finance/Rental/Leasing,United States,-2.97,8.5,-50.6,-27.0,-15.4,,
POST,"Post Holdings, Inc.",NYSE,72.85,72.52,0.46,117.28,-37.9,32.0,Consumer Non-Durables,Food: Specialty/Candy,United States,-0.79,13.4,-31.4,-20.7,-14.2,,
CALM,"Cal-Maine Foods, Inc.",NASDAQ,68.06,63.5,7.18,95.57,-28.8,31.9,Process Industries,Agricultural Commodities/Milling,United States,-0.71,57.7,-29.3,-16.6,-14.7,,
PLNT,"Planet Fitness, Inc.",NYSE,42.22,37.03,14.02,114.26,-63.0,31.9,Consumer Services,Other Consumer Services,United States,3.63,14.3,-59.6,-21.4,-19.9,,
CBU,"Community Financial System, Inc.",NYSE,59.54,53.46,11.37,71.11,-16.3,31.3,Finance,Major Banks,United States,-0.48,13.8,0.8,-13.5,-5.7,,
ARLP,"Alliance Resource Partners, L.P.",NASDAQ,24.29,23,5.61,29.45,-17.5,31.3,Energy Minerals,Coal,United States,-0.37,11.8,-3.3,2.4,-7.6,,
LBTYA,Liberty Global Ltd.,NASDAQ,9.13,9.12,0.11,13.52,-32.5,31.2,Communications,Major Telecommunications,Bermuda,-1.4,,-21.6,-20.1,-14.4,,是
BFAM,Bright Horizons Family Solutions Inc.,NYSE,63.72,57.63,10.57,109.86,-42.0,31.0,Commercial Services,Miscellaneous Commercial Services,United States,-0.11,20.2,-40.9,-13.2,-14.3,,
OSIS,"OSI Systems, Inc.",NASDAQ,194.37,186.5,4.22,311.72,-37.6,31.0,Electronic Technology,Aerospace & Defense,United States,1.08,21.6,-18.4,-10.4,-6.2,,
CPK,Chesapeake Utilities Corporation,NYSE,128.46,118.88,8.06,140.83,-8.8,31.0,Utilities,Gas Distributors,United States,0.24,20.5,-5.0,4.1,-3.0,,
ABG,Asbury Automotive Group Inc,NYSE,172.3,170.35,1.14,258.75,-33.4,30.9,Retail Trade,Specialty Stores,United States,-0.95,6.4,-28.4,-13.5,-18.4,,
KAI,Kadant Inc,NYSE,261.52,244.87,6.8,354.07,-26.1,30.9,Producer Manufacturing,Industrial Machinery,United States,-2.1,28.1,-12.5,-16.1,-13.1,,
SBCF,Seacoast Banking Corporation of Florida,NASDAQ,31.83,28.58,11.37,36.27,-12.2,30.8,Finance,Regional Banks,United States,-1.67,20.3,4.4,-6.8,-7.0,,
DBRG/PH,"DigitalBridge Group, Inc. 7.125% Series H",NYSE,14.75,13.82,6.73,23.75,-37.9,30.4,Finance,Investment Managers,United States,0.6,9.6,-34.5,-3.6,-2.6,,
FSK,FS KKR Capital Corp.,NYSE,10.99,9.72,13.07,16.31,-32.6,30.4,Miscellaneous,Investment Trusts/Mutual Funds,United States,-1.08,,-27.5,2.4,-10.1,,是
FHB,"First Hawaiian, Inc.",NASDAQ,24.62,22.64,8.72,30.58,-19.5,30.0,Finance,Regional Banks,United States,-0.81,10.7,-1.3,-19.3,-4.6,,
AGO,Assured Guaranty Ltd.,NYSE,67.72,67.5,0.33,92.39,-26.7,29.8,Finance,Specialty Insurance,Bermuda,-1.81,9.1,-19.7,-17.4,-10.2,,
PII,Polaris Inc.,NYSE,52.15,47.14,10.63,77.98,-33.1,29.7,Consumer Durables,Recreational Products,United States,-0.74,,-12.4,-20.0,-18.2,,是
AVA,Avista Corporation,NYSE,35.09,34.5,1.71,43.5,-19.3,29.4,Utilities,Electric Utilities,United States,-0.06,12.7,-6.6,-14.2,-6.3,,
APAM,Artisan Partners Asset Management Inc.,NYSE,36.12,33.96,6.36,46.53,-22.4,29.3,Finance,Investment Managers,United States,-0.82,9.0,-17.3,4.7,-16.5,,
SMG,Scotts Miracle-Gro Company (The),NYSE,50.11,47.9,4.61,75.34,-33.5,29.2,Process Industries,Chemicals: Agricultural,United States,1.23,43.8,-10.7,-26.8,-17.1,,
AD,"Array Digital Infrastructure, Inc.",NYSE,33.72,33.12,1.81,60.82,-44.6,29.2,Communications,Wireless Telecommunications,United States,-0.27,3.9,-31.4,-8.8,-6.1,,
QS,QuantumScape Corporation,NASDAQ,4.64,4.54,2.31,19.07,-75.6,28.8,Producer Manufacturing,Electrical Products,United States,1.2,,-64.3,-39.7,-16.5,,是
WING,Wingstop Inc.,NASDAQ,105.37,95.82,9.97,302.8,-65.2,28.7,Consumer Services,Restaurants,United States,-2.99,25.0,-58.6,-40.5,-6.9,,
BHF,"Brighthouse Financial, Inc.",NASDAQ,49.9,44.51,12.11,66.8,-25.3,28.7,Finance,Life/Health Insurance,United States,-4.04,4.0,-8.5,-21.9,-5.9,,
GPI,"Group 1 Automotive, Inc.",NYSE,240.44,235.11,2.27,461.27,-47.9,28.7,Retail Trade,Specialty Stores,United States,-0.2,10.0,-44.8,-17.1,-8.6,,
KNF,Knife Riv Holding Co.,NYSE,50.42,50.2,0.44,96.28,-47.6,28.6,Non-Energy Minerals,Construction Materials,United States,-4.29,20.5,-32.7,-39.7,-20.7,,
CWT,California Water Service Group,NYSE,46.27,41.29,12.06,53.82,-14.0,28.6,Utilities,Water Utilities,United States,0.94,20.8,1.7,-4.6,-7.5,,
FOUR,"Shift4 Payments, Inc.",NYSE,36.17,34.56,4.66,80.98,-55.3,28.6,Commercial Services,Miscellaneous Commercial Services,United States,-2.45,58.2,-54.2,-27.7,-18.6,,
LEU,Centrus Energy Corp.,NYSE,139.49,135.85,2.68,464.25,-70.0,28.5,Non-Energy Minerals,Other Metals/Minerals,United States,0.95,63.6,-54.7,-18.4,-20.0,,
TR,"Tootsie Roll Industries, Inc.",NYSE,37.57,33.43,12.38,45.06,-16.6,28.5,Consumer Non-Durables,Food: Specialty/Candy,United States,-1.16,29.5,-6.3,-6.7,-8.7,,
GRBK,"Green Brick Partners, Inc.",NYSE,66.11,60.44,9.38,83.18,-20.5,28.4,Consumer Durables,Homebuilding,United States,-1.91,10.0,-9.8,-15.9,-9.0,,
FG,"F&G Annuities & Life, Inc.",NYSE,21.68,20.57,5.4,35.33,-38.6,28.4,Finance,Multi-Line Insurance,United States,-0.91,7.6,-31.2,-21.7,-9.1,,
KBH,KB Home,NYSE,46.47,44.02,5.55,67.57,-31.2,28.3,Consumer Durables,Homebuilding,United States,-2.0,13.1,-27.5,-23.6,-14.2,,
NMIH,NMI Holdings Inc,NASDAQ,37.32,34.84,7.12,46.74,-20.2,28.1,Finance,Property/Casualty Insurance,United States,-8.37,7.3,-3.4,-9.0,-16.4,,
KC,Kingsoft Cloud Holdings Limited,NASDAQ,9.12,8.35,9.22,18.52,-50.8,28.0,Technology Services,Data Processing Services,China,0.33,,-40.9,0.7,-14.2,,是
MMS,"Maximus, Inc.",NYSE,53.19,51.04,4.22,100,-46.8,27.8,Commercial Services,Miscellaneous Commercial Services,United States,0.23,7.9,-40.5,-2.2,-10.1,,
CWK,Cushman & Wakefield Ltd.,NYSE,11.81,11.56,2.12,17.4,-32.1,27.7,Finance,Real Estate Development,Bermuda,0.51,40.7,-26.2,-15.4,-15.5,,
DX,"Dynex Capital, Inc.",NYSE,11.14,11.12,0.22,14.93,-25.4,27.6,Finance,Real Estate Investment Trusts,United States,-2.19,4.3,-7.9,-14.6,-13.4,,
REZI,"Resideo Technologies, Inc.",NYSE,18.15,17.73,2.37,31.5,-42.4,27.6,Distribution Services,Electronics Distributors,United States,0.17,8.0,-38.0,-16.2,-6.9,,
EROK,"EagleRock Land, LLC",NYSE,20.8,19.75,5.32,27.42,-24.1,27.4,Finance,Real Estate Development,United States,2.61,,-9.6,-2.6,-16.5,,
FIZZ,National Beverage Corp.,NASDAQ,29.2,28.97,0.79,38.2,-23.6,27.3,Consumer Non-Durables,Beverages: Non-Alcoholic,United States,-1.38,15.6,-21.0,-11.3,-10.2,,
BANC,"Banc of California, Inc.",NYSE,17.23,15.33,12.39,21.93,-21.4,27.3,Finance,Regional Banks,United States,-0.4,,3.0,-16.9,-7.3,,是
PLUG,"Plug Power, Inc.",NASDAQ,1.94,1.7,14.12,4.58,-57.6,27.1,Electronic Technology,Electronic Production Equipment,United States,1.57,,-13.2,-27.6,-11.0,,是
SOUN,"SoundHound AI, Inc.",NASDAQ,6.02,5.65,6.55,22.17,-72.8,27.1,Technology Services,Packaged Software,United States,3.08,,-61.3,-10.3,-14.2,,是
MZTI,The Marzetti Company,NASDAQ,99.19,97.8,1.43,176.26,-43.7,27.1,Consumer Non-Durables,Food: Specialty/Candy,United States,-0.71,14.2,-42.0,-14.6,-13.1,,
FRMI,Fermi Inc.,NASDAQ,4.21,4.14,1.6,36.99,-88.6,27.0,Finance,Real Estate Development,United States,-1.64,,-83.2,-50.6,-15.8,,是
HGV,Hilton Grand Vacations Inc.,NYSE,34.66,34.31,1.02,55.4,-37.4,26.9,Finance,Real Estate Development,United States,-3.13,19.6,-19.6,-33.6,-19.9,,
GPK,Graphic Packaging Holding Company,NYSE,9.05,8.79,3.02,19.68,-54.0,26.8,Process Industries,Containers/Packaging,United States,-1.74,13.9,-52.9,-16.0,-21.4,,
LFTO,"Liftoff Mobile, Inc.",NASDAQ,15.8,15.4,2.56,30.1,-47.5,26.8,Technology Services,Packaged Software,United States,-0.19,62.7,-37.1,-36.4,-15.7,,
FUL,H. B. Fuller Company,NYSE,49.47,46.7,5.93,68.63,-27.9,26.6,Process Industries,Industrial Specialties,United States,-0.26,13.8,-15.7,-14.1,-12.1,,
GPOR,Gulfport Energy Corporation,NYSE,150.48,149.18,0.87,225.78,-33.4,26.6,Energy Minerals,Oil & Gas Production,United States,-1.11,6.0,-16.3,-9.9,-15.9,,
CSQR,"Csquare, Inc.",NYSE,15.81,15.52,1.87,23.5,-32.7,26.3,Technology Services,Data Processing Services,United States,-0.44,,-24.4,-24.4,-17.5,,
HWKN,"Hawkins, Inc.",NASDAQ,126,116.05,8.58,186.15,-32.3,26.3,Process Industries,Chemicals: Specialty,United States,-0.12,32.6,-28.7,-9.4,5.0,,
MGEE,MGE Energy Inc.,NASDAQ,69.45,68.01,2.12,87.94,-21.0,26.2,Utilities,Electric Utilities,United States,0.3,17.1,-16.5,-14.8,-10.6,,
HAYW,"Hayward Holdings, Inc.",NYSE,12.24,12.24,0.0,17.73,-31.0,26.0,Consumer Durables,Recreational Products,United States,-0.81,16.8,-18.0,-28.0,-13.1,,
BCC,"Boise Cascade, L.L.C.",NYSE,74.15,65,14.08,91.97,-19.4,25.9,Distribution Services,Wholesale Distributors,United States,-2.4,25.2,-3.1,-2.5,-5.5,,
FBK,FB Financial Corporation,NYSE,51.7,49.24,5.0,62.66,-17.5,25.8,Finance,Major Banks,United States,-0.37,13.8,-7.1,-9.1,-10.2,,
AKR,Acadia Realty Trust,NYSE,18.74,18.61,0.7,23.03,-18.6,25.7,Finance,Real Estate Investment Trusts,United States,-2.4,55.4,-6.3,-11.5,-9.2,,
PRVA,"Privia Health Group, Inc.",NASDAQ,19.69,18.91,4.1,28.82,-31.7,25.2,Finance,Life/Health Insurance,United States,0.36,91.4,-19.3,-27.5,-4.3,,
TTAM,Titan America SA,NYSE,13.63,13.28,2.64,19.57,-30.4,25.1,Non-Energy Minerals,Construction Materials,Belgium,-0.94,14.2,-7.7,-26.5,-9.0,,
SHAK,"Shake Shack, Inc.",NYSE,58.68,51.6,13.72,107.46,-45.4,25.1,Consumer Services,Restaurants,United States,1.38,61.9,-37.6,2.4,-15.0,,
SUPN,"Supernus Pharmaceuticals, Inc.",NASDAQ,43.04,40.51,6.25,59.68,-27.9,25.1,Health Technology,Pharmaceuticals: Major,United States,-2.12,,-10.4,-9.4,-1.8,,是
FRME,First Merchants Corporation,NASDAQ,39.78,34.66,14.77,45.33,-12.2,25.0,Finance,Major Banks,United States,-0.74,12.8,5.7,-10.8,-4.8,,
PAGS,PagSeguro Digital Ltd.,NYSE,8.9,8.42,5.7,12.32,-27.8,24.7,Commercial Services,Miscellaneous Commercial Services,Brazil,1.14,6.3,-13.7,-2.5,-0.3,,
UE,Urban Edge Properties,NYSE,19.53,18.46,5.8,24.11,-19.0,24.6,Finance,Real Estate Investment Trusts,United States,-1.26,36.5,-3.6,-14.0,-8.6,,
KD,"Kyndryl Holdings, Inc.",NYSE,11.26,10.1,11.49,30.99,-63.7,24.5,Technology Services,Data Processing Services,United States,-0.27,31.4,-62.6,-6.6,-13.8,,
FCPT,"Four Corners Property Trust, Inc.",NYSE,21.76,21.68,0.39,26.86,-19.0,23.9,Finance,Real Estate Investment Trusts,United States,-1.23,19.7,-9.6,-11.9,-13.2,,
C/PN,Citigroup Capital XIII 7.875% Fixed rate Floating Rate trust Preferred Securities (TruPS),NYSE,26.34,25.8,2.09,31.13,-15.4,23.7,Finance,Finance/Rental/Leasing,United States,-0.3,,-13.6,-9.0,-0.2,,
EEFT,"Euronet Worldwide, Inc.",NASDAQ,62.87,62.5,0.59,89.77,-30.0,23.5,Commercial Services,Miscellaneous Commercial Services,United States,-1.4,9.9,-29.3,-17.2,-9.8,,
IVT,InvenTrust Properties Corp.,NYSE,30.15,26.81,12.46,37.22,-19.0,23.5,Finance,Real Estate Investment Trusts,United States,-1.24,155.3,5.5,-12.9,-6.7,,
AAP,Advance Auto Parts Inc.,NYSE,38.91,37.89,2.69,65.2,-40.3,23.5,Retail Trade,Specialty Stores,United States,-2.06,28.2,-38.0,-37.9,-9.0,,
INTR,Inter & Co. Inc.,NASDAQ,5.34,4.97,7.44,10.36,-48.5,23.5,Finance,Major Banks,Brazil,4.09,8.2,-42.6,-4.6,-2.0,,
BKV,BKV Corporation,NYSE,21.34,20.08,6.27,32.81,-35.0,23.4,Energy Minerals,Integrated Oil,United States,-1.39,7.7,-9.7,-21.7,-13.5,,
VC,Visteon Corporation,NASDAQ,86.68,83.49,3.82,126.95,-31.7,23.1,Producer Manufacturing,Auto Parts: OEM,United States,-0.44,15.8,-28.4,-12.5,-15.5,,
RH,RH,NYSE,121.75,106.3,14.53,239.4,-49.1,23.1,Retail Trade,Specialty Stores,United States,-0.38,21.7,-40.3,-28.0,-17.3,,
OPEN,Opendoor Technologies Inc,NASDAQ,2.37,2.35,0.85,9.69,-75.5,23.0,Finance,Real Estate Development,United States,0,,-70.4,-52.6,-27.5,,是
STNE,StoneCo Ltd.,NASDAQ,9.34,9.04,3.32,19.64,-52.4,22.7,Commercial Services,Miscellaneous Commercial Services,Brazil,0.65,3.8,-52.0,-16.2,-4.2,,
UPST,"Upstart Holdings, Inc.",NASDAQ,22.99,22.79,0.9,55.22,-58.4,22.4,Finance,Finance/Rental/Leasing,United States,-0.65,41.9,-55.9,-36.2,-19.7,,
NMRK,"Newmark Group, Inc.",NASDAQ,12.26,12.14,0.95,19.84,-38.2,22.2,Finance,Real Estate Development,United States,-1.68,15.2,-35.1,-20.9,-21.5,,
MLYS,"Mineralys Therapeutics, Inc.",NASDAQ,25.13,22.3,12.69,47.65,-47.3,22.2,Health Technology,Biotechnology,United States,2.66,,-35.9,-7.6,-1.1,,是
WAFD,"WaFd, Inc.",NASDAQ,29.93,26.31,13.76,39.49,-24.2,22.2,Finance,Major Banks,United States,-1.19,9.4,-1.8,-23.7,-17.0,,
BKE,"Buckle, Inc. (The)",NYSE,42.95,39.44,8.9,58.67,-26.8,22.1,Retail Trade,Apparel/Footwear Retail,United States,-0.65,9.9,-27.2,2.5,-1.1,,
PATK,"Patrick Industries, Inc.",NASDAQ,67.78,67,1.16,148.5,-54.4,21.8,Consumer Durables,Home Furnishings,United States,-1.94,16.1,-34.6,-21.0,-17.9,,
PBH,Prestige Consumer Healthcare Inc.,NYSE,45.87,42.62,7.63,71.07,-35.5,21.7,Health Technology,Pharmaceuticals: Major,United States,-1.86,12.8,-25.8,-6.0,-11.7,,
CALX,"Calix, Inc",NYSE,34.36,32.35,6.21,71.22,-51.8,21.6,Electronic Technology,Telecommunications Equipment,United States,2.48,45.7,-44.1,-7.3,-8.0,,
STUB,"StubHub Holdings, Inc.",NYSE,5.58,5.21,7.0,21.49,-74.0,21.3,Technology Services,Internet Software/Services,United States,5.08,,-67.5,-56.3,-14.8,,是
ETOR,eToro Group Ltd.,NASDAQ,25.7,24.74,3.88,44.21,-41.9,20.8,Technology Services,Packaged Software,Israel,0.08,9.5,-38.7,-37.3,-17.3,,
DBD,Diebold Nixdorf Incorporated,NYSE,61.22,54.48,12.37,92.08,-33.5,20.8,Electronic Technology,Electronic Equipment/Instruments,United States,1.61,20.0,9.0,-26.4,-9.1,,
RLX,RLX Technology Inc.,NYSE,1.7,1.65,3.34,2.66,-36.1,20.8,Producer Manufacturing,Industrial Conglomerates,China,0,15.5,-32.8,-13.3,-6.8,,
AADX,"Applied Aerospace & Defense, Inc.",NYSE,12.03,11.38,5.67,24.24,-50.4,20.7,Electronic Technology,Aerospace & Defense,United States,0.25,,-42.0,-49.7,-10.2,,是
MPT,"Medical Properties Trust, Inc.",NYSE,3.46,3.36,2.98,6.47,-46.5,20.7,Finance,Real Estate Investment Trusts,United States,-1.42,,-30.4,-25.8,-15.3,,是
PLBL,Polibeli Group Ltd,NASDAQ,5.57,5.1,9.22,11.75,-52.6,20.4,Retail Trade,Electronics/Appliance Stores,Indonesia,-4.46,,-41.3,-38.1,0.2,,
TRN,"Trinity Industries, Inc.",NYSE,25.54,24.76,3.15,38.3,-33.3,20.3,Producer Manufacturing,Trucks/Construction/Farm Machinery,United States,-4.38,6.2,-8.2,-24.5,-13.4,,
LCII,LCI Industries,NYSE,83.67,82.78,1.08,159.66,-47.6,20.3,Producer Manufacturing,Miscellaneous Manufacturing,United States,-2.0,9.7,-10.6,-18.0,-18.5,,
CTRI,"Centuri Holdings, Inc.",NYSE,20.04,19.03,5.31,42.98,-53.4,20.2,Utilities,Gas Distributors,United States,-1.47,65.1,-4.6,-29.8,-2.3,,
WHR,Whirlpool Corporation,NYSE,30.68,30.21,1.56,94.82,-67.6,20.0,Consumer Durables,Electronics/Appliances,United States,0.03,10.3,-60.8,-24.2,-23.7,,
NWN,Northwest Natural Holding Company,NYSE,46.67,43.64,6.94,55.99,-16.6,19.6,Utilities,Gas Distributors,United States,-0.74,15.5,4.2,-4.9,-4.9,,
TBBK,"The Bancorp, Inc.",NASDAQ,48.16,47.41,1.58,81.65,-41.0,19.6,Finance,Regional Banks,United States,-0.82,9.1,-37.7,-26.2,-26.4,,
SEDG,"SolarEdge Technologies, Inc.",NASDAQ,31.87,28.21,12.97,81.25,-60.8,19.6,Producer Manufacturing,Electrical Products,Israel,1.11,,-15.6,-43.8,2.3,,是
ARR,"ARMOUR Residential REIT, Inc.",NYSE,13.83,13.76,0.51,19.31,-28.4,19.6,Finance,Real Estate Investment Trusts,United States,-1.28,3.7,-5.9,-20.5,-15.2,,
BXMT,"Blackstone Mortgage Trust, Inc.",NYSE,11.45,11.44,0.09,20.66,-44.6,19.3,Finance,Real Estate Investment Trusts,United States,-6.99,132.7,-37.3,-33.1,-16.2,,
SMA,"SmartStop Self Storage REIT, Inc.",NYSE,32.2,29.41,9.49,38.69,-16.8,19.1,Finance,Real Estate Investment Trusts,United States,-0.46,63.4,-15.0,-4.7,-2.1,,
GNL,"Global Net Lease, Inc.",NYSE,8.26,7.48,10.43,10.04,-17.7,19.1,Finance,Real Estate Investment Trusts,United States,-1.08,,2.4,-8.0,-9.6,,是
SAH,"Sonic Automotive, Inc.",NYSE,60.35,54.11,11.53,113.67,-46.9,19.1,Retail Trade,Specialty Stores,United States,0.84,9.6,-20.0,-27.9,-24.5,,
LMAT,"LeMaitre Vascular, Inc.",NASDAQ,82.59,78.22,5.59,118.01,-30.0,18.9,Health Technology,Medical Specialties,United States,-0.36,29.4,-3.4,-16.6,3.8,,
ALG,"Alamo Group, Inc.",NYSE,154.77,145.76,6.18,219.88,-29.6,18.8,Producer Manufacturing,Trucks/Construction/Farm Machinery,United States,-2.53,18.5,-18.6,-7.7,-5.4,,
UA,"Under Armour, Inc.",NYSE,4.35,3.95,10.13,7.91,-45.0,18.8,Consumer Non-Durables,Apparel/Footwear,United States,3.08,,-10.3,-31.4,-11.4,,是
RUN,Sunrun Inc.,NASDAQ,7.77,7.49,3.74,22.44,-65.4,18.7,Electronic Technology,Semiconductors,United States,0.65,5.2,-56.3,-40.7,-11.0,,
WU,Western Union Company (The),NYSE,5.9,5.87,0.51,10.35,-43.0,18.4,Finance,Regional Banks,United States,-1.17,4.8,-26.2,-25.1,-18.5,,
BRSL,"Brightstar Lottery PLC Trading under the Legal Name to begin at the market open on July 21, 2025.",NYSE,9.99,9.62,3.79,18.57,-46.2,18.4,Consumer Services,Casinos/Gaming,United Kingdom,0.6,11.1,-42.2,-11.6,-12.9,,
BRVE,"Braveheart Bio, Inc.",NASDAQ,20.2,20.0,0.97,32,-36.9,18.2,Health Technology,Pharmaceuticals: Major,United States,-9.58,,-33.1,-33.1,-27.7,,
HUBG,"Hub Group, Inc.",NASDAQ,29.58,29.53,0.17,53.26,-44.5,18.1,Transportation,Air Freight/Couriers,United States,-2.21,,-13.8,-33.3,-25.2,,
HMN,Horace Mann Educators Corporation,NYSE,44.6,41.29,8.02,55.56,-19.7,18.1,Finance,Property/Casualty Insurance,United States,-2.0,10.4,-0.5,-16.1,-13.0,,
NTST,NetSTREIT Corp.,NYSE,17.68,17.02,3.88,22.47,-21.3,18.0,Finance,Real Estate Investment Trusts,United States,-1.39,125.7,-1.7,-16.6,-13.3,,
EPAC,Enerpac Tool Group Corp.,NYSE,34.89,32.35,7.85,45,-22.5,17.8,Producer Manufacturing,Industrial Machinery,United States,-1.25,19.7,-14.1,-0.5,-6.5,,
MQ,"Marqeta, Inc.",NASDAQ,17.0,14.8,14.83,22.28,-23.7,17.7,Commercial Services,Miscellaneous Commercial Services,United States,-0.09,173.2,-21.3,3.1,4.0,,
OLN,Olin Corporation,NYSE,15.5,15.38,0.81,30.46,-49.1,17.7,Process Industries,Industrial Specialties,United States,0.45,,-35.7,-22.2,-9.8,,是
XRAY,DENTSPLY SIRONA Inc.,NASDAQ,8.86,8.82,0.4,14.76,-40.0,17.7,Health Technology,Medical Specialties,United States,-1.34,,-29.6,-21.5,-20.8,,是
GTY,Getty Realty Corporation,NYSE,28.24,25.39,11.22,36.83,-23.3,17.5,Finance,Real Estate Investment Trusts,United States,-0.91,17.3,6.4,-16.5,-13.8,,
NBHC,National Bank Holdings Corporation,NYSE,39.19,35.06,11.78,47.28,-17.1,17.5,Finance,Regional Banks,United States,-0.1,16.5,0.5,-13.4,-4.7,,
BXDC,Blackstone Digital Infrastructure Trust Inc.,NYSE,17.34,17.21,0.76,22.9,-24.3,17.5,Finance,Real Estate Investment Trusts,United States,-1.81,,-13.3,-21.2,-13.1,,
MLCO,Melco Resorts & Entertainment Limited,NASDAQ,4.48,4.47,0.11,9.53,-53.0,17.3,Consumer Services,Hotels/Resorts/Cruise lines,Hong Kong,-1.75,7.5,-54.7,-14.5,-15.5,,
STRA,"Strategic Education, Inc.",NASDAQ,77.67,69.7,11.43,89.73,-13.4,17.2,Consumer Services,Other Consumer Services,United States,2.49,12.9,-9.2,-2.4,-8.1,,
TSLX,"Sixth Street Specialty Lending, Inc.",NYSE,18.02,16.04,12.34,23.19,-22.3,17.2,Miscellaneous,Investment Trusts/Mutual Funds,United States,-1.74,19.1,-21.1,3.5,-3.5,,
MNR,Mach Natural Resources LP,NYSE,10.24,10.14,0.94,15.02,-31.8,17.1,Energy Minerals,Integrated Oil,United States,0,19.4,-22.5,-19.1,-17.4,,
HAPN,"Happen, Inc.",NASDAQ,14.78,13.05,13.26,21.67,-31.8,17.1,Finance,Major Banks,United States,-0.94,8.9,-7.5,-29.1,-16.5,,
TMC,TMC the metals company Inc.,NASDAQ,3.84,3.4,12.94,11.35,-66.2,16.9,Non-Energy Minerals,Other Metals/Minerals,Canada,2.67,,-39.9,-12.7,-19.0,,是
ALHC,"Alignment Healthcare, Inc.",NASDAQ,8.16,7.37,10.71,25.12,-67.5,16.9,Health Services,Managed Health Care,United States,3.16,43.7,-53.1,-66.2,-39.9,,
SAM,"Boston Beer Company, Inc. (The)",NYSE,164.02,158.68,3.37,264.46,-38.0,16.9,Consumer Non-Durables,Beverages: Alcoholic,United States,0.94,,-23.2,-8.9,-9.6,,是
GEL,"Genesis Energy, L.P.",NYSE,13.76,13.63,0.95,18.64,-26.2,16.8,Process Industries,Chemicals: Specialty,United States,-0.43,68.5,-17.2,-2.9,-14.6,,
ANIP,"ANI Pharmaceuticals, Inc.",NASDAQ,72.65,69.58,4.41,97,-25.1,16.7,Health Technology,Biotechnology,United States,0.04,15.7,-21.8,-12.7,-0.2,,
PAX,Patria Investments Limited,NASDAQ,10.15,9.89,2.63,17.8,-43.0,16.4,Finance,Investment Managers,Cayman Islands,0.89,23.2,-31.0,-8.7,-10.4,,
OCFC,OceanFirst Financial Corp.,NASDAQ,16.53,16.41,0.73,20.61,-19.8,16.3,Finance,Savings Banks,United States,-0.84,19.4,-5.7,-16.5,-12.4,,
VNET,"VNET Group, Inc.",NASDAQ,5.55,5.43,2.21,14.48,-61.7,16.3,Technology Services,Data Processing Services,China,-2.8,,-47.4,-31.8,-15.3,,是
CPRI,Capri Holdings Limited,NYSE,14.12,12.4,13.87,28.27,-50.0,16.0,Retail Trade,Apparel/Footwear Retail,United Kingdom,-3.68,15.4,-28.1,-24.2,5.5,,
DEI,"Douglas Emmett, Inc.",NYSE,9.58,9.04,5.97,15.83,-39.5,16.0,Finance,Real Estate Investment Trusts,United States,-0.21,,-37.6,-22.0,-18.3,,是
JBLU,JetBlue Airways Corporation,NASDAQ,4.23,3.87,9.3,6.62,-36.1,16.0,Transportation,Airlines,United States,-1.17,,-16.4,-29.6,-10.4,,是
IMCR,Immunocore Holdings plc,NASDAQ,30.29,27.55,9.93,40.71,-25.6,15.9,Health Technology,Biotechnology,United Kingdom,-1.82,,-11.9,-4.7,-16.7,,是
TGLS,Tecnoglass Holdings Inc.,NYSE,35.52,34.05,4.32,67.47,-47.4,15.8,Producer Manufacturing,Building Products,United States,2.22,12.5,-47.8,-24.0,-10.6,,
HE,"Hawaiian Electric Industries, Inc.",NYSE,8.94,8.76,2.05,17.38,-48.5,15.4,Utilities,Electric Utilities,United States,-1.54,6.9,-19.2,-34.3,-21.1,,
BL,"BlackLine, Inc.",NASDAQ,26.53,24.7,7.41,59.57,-55.5,15.4,Technology Services,Packaged Software,United States,0.61,47.4,-49.8,-9.7,-18.3,,
EFC,Ellington Financial Inc.,NYSE,11.83,11.28,4.92,14.12,-16.2,15.2,Finance,Real Estate Investment Trusts,United States,-2.87,7.2,-8.0,-13.0,-11.7,,
STC,Stewart Information Services Corporation,NYSE,49.71,49.4,0.63,78.61,-36.8,15.2,Finance,Specialty Insurance,United States,-12.42,10.9,-32.4,-27.2,-28.8,,
FOIL,Londian Wason New Energy Tech Inc.,NYSE,16.26,16.04,1.37,28.49,-42.9,15.2,Non-Energy Minerals,Other Metals/Minerals,China,-16.14,39.5,-37.5,-37.5,-26.1,,
ADRX,"ADARx Pharmaceuticals, Inc.",NASDAQ,19.94,18.5,7.78,23.21,-14.1,15.0,Commercial Services,Miscellaneous Commercial Services,United States,-3.37,,-9.8,-9.8,-9.8,,
ARCO,Arcos Dorados Holdings Inc.,NYSE,7.15,6.57,8.83,9.75,-26.7,14.9,Consumer Services,Restaurants,Uruguay,0.42,5.9,4.5,-12.7,-10.5,,
KLRA,"Kailera Therapeutics, Inc.",NASDAQ,11.42,10.83,5.45,28.23,-59.5,14.8,Health Technology,Biotechnology,United States,3.91,,-56.9,-45.2,-29.8,,
HAWK,"HawkEye 360, Inc.",NYSE,15.1,15,0.67,35.73,-57.7,14.8,Technology Services,Data Processing Services,United States,-1.82,,-55.3,-26.6,-21.2,,是
CASH,"Pathward Financial, Inc.",NASDAQ,71.14,65.87,8.0,101.26,-29.7,14.8,Finance,Major Banks,United States,-0.6,8.9,-5.2,-20.9,-12.4,,
KMPR,Kemper Corporation,NYSE,25,22.69,10.18,51.08,-51.1,14.7,Finance,Property/Casualty Insurance,United States,-2.57,,-51.6,-12.4,-10.0,,是
PRKS,United Parks & Resorts Inc.,NYSE,32.4,28.77,12.62,55.71,-41.8,14.7,Consumer Services,Movies/Entertainment,United States,0.68,12.7,-38.2,-31.9,-22.6,,
ALKT,"Alkami Technology, Inc.",NASDAQ,13.69,13.21,3.67,24.82,-44.8,14.6,Technology Services,Packaged Software,United States,2.39,,-45.4,-27.2,-31.6,,是
AMTD,AMTD IDEA Group,NYSE,0.78,0.7,11.44,1.65,-52.7,14.6,Finance,Investment Banks/Brokers,France,8.02,,-30.2,-22.0,1.2,,
NOMD,Nomad Foods Limited,NYSE,10.33,8.99,14.91,13.36,-22.7,14.4,Consumer Non-Durables,Food: Specialty/Candy,United Kingdom,-1.71,10.2,-20.4,-8.8,-12.3,,
NRP,Natural Resource Partners LP Limited Partnership,NYSE,108.73,95.51,13.84,128.6,-15.5,14.4,Energy Minerals,Coal,United States,-1.36,13.9,5.6,8.7,-3.9,,
LKFN,Lakeland Financial Corporation,NASDAQ,57.66,54.36,6.07,65.43,-11.9,14.3,Finance,Regional Banks,United States,-0.67,13.3,-11.2,-9.2,-3.1,,
GT,The Goodyear Tire & Rubber Company,NASDAQ,4.97,4.91,1.22,10.62,-53.2,14.3,Consumer Durables,Automotive Aftermarket,United States,-0.6,,-33.7,-24.4,-21.4,,是
LYNX,Lyntris Inc.,NYSE,12.34,12.05,2.41,16,-22.9,14.3,Technology Services,Packaged Software,United States,-0.64,,-20.4,-20.4,-11.4,,
JJSF,J & J Snack Foods Corp.,NASDAQ,76.45,68.87,11.01,98.98,-22.8,14.3,Consumer Non-Durables,Food: Specialty/Candy,United States,-0.98,29.4,-20.5,0.7,-14.0,,
MBC,"MasterBrand, Inc.",NYSE,7,6.27,11.64,13.96,-49.8,14.2,Consumer Durables,Home Furnishings,United States,0.43,,-47.6,-29.8,-17.4,,是
FLNC,"Fluence Energy, Inc.",NASDAQ,7.68,7.01,9.56,33.51,-77.1,14.2,Producer Manufacturing,Electrical Products,United States,-1.79,,-32.3,-58.4,-29.0,,是
DMC,Del Monte Corporation,NYSE,29.96,26.47,13.18,43.58,-31.3,14.1,Process Industries,Agricultural Commodities/Milling,United States,-2.12,42.1,-13.4,7.0,-5.8,,
XNDU,Xanadu Quantum Technologies Limited,NASDAQ,4.58,4.56,0.44,42.44,-89.2,13.9,Electronic Technology,Computer Processing Hardware,Canada,-3.98,,-54.7,-61.4,-56.8,,是
FMC,FMC Corporation,NYSE,8.92,8.85,0.85,32.34,-72.4,13.9,Process Industries,Chemicals: Agricultural,United States,-1.87,,-73.1,-18.9,-21.0,,是
KARD,"Kardigan, Inc.",NASDAQ,14.75,13.75,7.27,27,-45.4,13.8,Health Technology,Biotechnology,United States,0.61,,-30.7,-38.5,-26.3,,
VISN,"Vistance Networks, Inc.",NASDAQ,5.98,5.92,1.01,20.55,-70.9,13.8,Electronic Technology,Telecommunications Equipment,United States,0.67,6.5,-61.5,-51.3,-3.7,,
ADIG,ADI Global Distribution Inc.,NYSE,17.92,17.35,3.29,30.99,-42.2,13.6,Distribution Services,Wholesale Distributors,United States,-5.68,,-17.5,-17.5,-19.2,,
HLMN,Hillman Solutions Corp.,NASDAQ,6.99,6.84,2.12,10.85,-35.6,13.6,Distribution Services,Wholesale Distributors,United States,-1.69,33.7,-23.6,-14.3,-9.5,,
PSQL,Pasqal Holding SA,NASDAQ,6.36,6.07,4.78,24.69,-74.2,13.5,Electronic Technology,Computer Processing Hardware,France,3.58,,-36.1,-38.9,-64.6,,是
ARLO,"Arlo Technologies, Inc.",NYSE,12.4,11.05,12.22,19.94,-37.8,13.3,Electronic Technology,Telecommunications Equipment,United States,-0.24,44.8,-27.8,-7.9,-3.4,,
UMH,"UMH Properties, Inc.",NYSE,15.4,13.93,10.55,16.77,-8.2,13.1,Finance,Real Estate Investment Trusts,United States,-0.45,123.0,4.3,-0.3,-6.6,,
IMTX,Immatics N.V.,NASDAQ,8.78,8.06,8.93,12.41,-29.3,13.1,Health Technology,Pharmaceuticals: Major,Germany,2.57,,11.4,-11.9,-6.2,,是
FOR,Forestar Group Inc,NYSE,25.75,22.81,12.89,32.06,-19.7,13.1,Finance,Real Estate Development,United States,-1.19,7.7,-3.0,-17.7,-10.2,,
COUR,"Coursera, Inc.",NYSE,4.96,4.53,9.48,11.28,-56.0,13.1,Commercial Services,Miscellaneous Commercial Services,United States,6.21,,-59.0,-17.9,-22.5,,是
SLVM,Sylvamo Corporation,NYSE,32.68,32.63,0.15,56.8,-42.5,13.0,Process Industries,Pulp & Paper,United States,-3.94,17.3,-24.5,-13.6,-11.2,,
ADNT,Adient plc,NYSE,16.84,16.72,0.72,27.32,-38.4,13.0,Producer Manufacturing,Auto Parts: OEM,United States,-1.92,28.2,-30.4,-9.2,-11.5,,
EYE,"National Vision Holdings, Inc.",NASDAQ,16.38,14.75,11.05,30.02,-45.4,13.0,Retail Trade,Specialty Stores,United States,0,26.5,-43.9,-14.6,-6.6,,
NSSC,"NAPCO Security Technologies, Inc.",NASDAQ,35.62,33.91,5.04,51.77,-31.2,12.7,Commercial Services,Miscellaneous Commercial Services,United States,0.14,29.7,-16.2,-6.5,0.8,,
YSWY,"Yesway, Inc.",NASDAQ,20.16,18.92,6.55,29.08,-30.7,12.7,Retail Trade,Food Retail,United States,0.4,,-8.4,-4.3,-17.9,,
BBAI,"BigBear.ai, Inc.",NYSE,2.65,2.59,2.32,9.39,-71.8,12.7,Technology Services,Packaged Software,United States,0,,-58.6,-27.4,-12.3,,是
DCH,Dauch Corporation,NYSE,5.22,4.92,6.21,9.25,-43.6,12.4,Producer Manufacturing,Auto Parts: OEM,United States,-1.69,,-13.0,-1.9,-17.9,,是
GBX,"Greenbrier Companies, Inc. (The)",NYSE,40.07,38.23,4.81,59.19,-32.3,12.4,Producer Manufacturing,Trucks/Construction/Farm Machinery,United States,-2.53,11.8,-12.7,-15.6,-12.7,,
WEN,Wendy's Company (The),NASDAQ,6.38,6.07,5.11,10.12,-37.0,12.2,Consumer Services,Restaurants,United States,-2.45,9.7,-29.9,-29.0,-22.4,,
WD,"Walker & Dunlop, Inc",NYSE,35.11,35.09,0.06,90,-61.0,12.1,Finance,Finance/Rental/Leasing,United States,-3.28,31.3,-57.9,-37.0,-14.7,,
DOLE,Dole plc,NYSE,12.71,12.52,1.52,16.57,-23.3,12.0,Distribution Services,Food Distributors,Ireland,-1.93,16.4,-4.4,-9.3,-7.7,,
LU,Lufax Holding Ltd,NYSE,1.21,1.14,6.14,4.57,-73.5,11.9,Finance,Finance/Rental/Leasing,China,-2.42,,-70.5,-14.2,-6.9,,是
LZB,La-Z-Boy Incorporated,NYSE,29.64,28.92,2.49,44.9,-34.0,11.9,Consumer Durables,Home Furnishings,United States,-0.13,15.0,-13.8,-25.6,-8.6,,
FLO,"Flowers Foods, Inc.",NYSE,5.55,5.5,0.91,13.28,-58.2,11.8,Consumer Non-Durables,Food: Specialty/Candy,United States,-2.29,21.5,-56.2,-34.3,-21.3,,
TPB,"Turning Point Brands, Inc.",NYSE,58.7,58.57,0.22,146.9,-60.0,11.8,Consumer Non-Durables,Tobacco,United States,-2.3,25.3,-39.5,-33.8,-28.9,,
CYD,China Yuchai International Limited,NYSE,31.03,28.65,8.31,61.48,-49.5,11.6,Producer Manufacturing,Auto Parts: OEM,Singapore,-4.85,11.1,-24.7,-34.7,-18.9,,
GIII,"G-III Apparel Group, LTD.",NASDAQ,27.12,24.61,10.2,37.54,-27.8,11.6,Consumer Non-Durables,Apparel/Footwear,United States,-0.48,8.9,1.6,-19.8,-18.2,,
HROW,"Harrow, Inc.",NASDAQ,30.8,28.54,7.92,54.85,-43.8,11.5,Health Technology,Pharmaceuticals: Major,United States,-1.91,,-36.8,-28.8,-17.2,,是
CXM,"Sprinklr, Inc.",NYSE,4.95,4.71,4.98,8.28,-40.2,11.5,Technology Services,Packaged Software,United States,2.7,52.6,-37.6,-7.1,-39.4,,
MSDL,Morgan Stanley Direct Lending Fund,NYSE,13.63,13.62,0.07,17.91,-23.9,11.5,Finance,Financial Conglomerates,United States,-4.48,19.7,-15.9,-12.4,-10.0,,
TNC,Tennant Company,NYSE,67.22,60.17,11.71,91.93,-26.9,11.5,Producer Manufacturing,Industrial Machinery,United States,-0.19,66.4,-16.4,-22.3,-3.3,,
CCEC,Capital Clean Energy Carriers Corp.,NASDAQ,18.74,16.77,11.76,24,-21.9,11.3,Transportation,Marine Shipping,Greece,-11.98,10.1,-16.6,-9.6,-18.0,,
WLDN,"Willdan Group, Inc.",NASDAQ,73.88,64.67,14.25,137,-46.1,11.3,Commercial Services,Miscellaneous Commercial Services,United States,-2.43,17.3,-23.9,-5.4,-15.4,,
ESBA,"Empire State Realty OP, L.P. Series ES Operating Partnership",AMEX,4,3.85,4.03,7.93,-49.6,11.2,Finance,Real Estate Investment Trusts,United States,2.56,222.2,-49.4,-24.8,-9.3,,
EOSE,"Eos Energy Enterprises, Inc.",NASDAQ,3.06,3.01,1.83,19.86,-84.6,11.2,Producer Manufacturing,Electrical Products,United States,-1.45,,-72.1,-44.6,-4.5,,是
PSEC,Prospect Capital Corporation,NASDAQ,2.08,2.08,0.0,3.12,-33.4,11.1,Miscellaneous,Investment Trusts/Mutual Funds,United States,-1.89,118.9,-22.4,-10.3,-7.6,,
LADR,Ladder Capital Corp,NYSE,8.73,8.71,0.23,11.48,-24.0,11.1,Finance,Real Estate Investment Trusts,United States,-3.32,21.0,-20.9,-13.0,-10.7,,
LTGO,"Latigo Biotherapeutics, Inc.",NASDAQ,16.7,16.19,3.15,25.93,-35.6,11.1,Health Technology,Pharmaceuticals: Major,United States,-7.73,,-7.7,-7.7,-31.6,,
AFYA,Afya Limited,NASDAQ,12.04,11.62,3.61,16.16,-25.5,11.0,Consumer Services,Other Consumer Services,Brazil,1.86,7.3,-22.1,-20.1,-17.8,,
AMRC,"Ameresco, Inc.",NYSE,20.71,18.38,12.71,44.93,-53.9,11.0,Industrial Services,Engineering & Construction,United States,-1.52,39.8,-39.4,-23.1,-4.8,,
PICS,PicS N.V.,NASDAQ,8.48,8.08,4.95,19.95,-57.5,11.0,Commercial Services,Miscellaneous Commercial Services,Brazil,3.54,4463.2,-56.5,-24.7,-16.0,,
PSNY,Polestar Automotive Holding UK Limited,NASDAQ,6.54,6.41,2.06,29.47,-77.8,11.0,Consumer Durables,Motor Vehicles,Sweden,-1.65,,-77.2,-68.5,-48.0,,是
DEA,"Easterly Government Properties, Inc.",NYSE,23.2,20.56,12.84,25.96,-10.6,11.0,Finance,Real Estate Investment Trusts,United States,0.35,112.0,2.2,-8.2,-5.2,,
SPH,"Suburban Propane Partners, L.P.",NYSE,16.44,16.31,0.8,20.8,-21.0,11.0,Distribution Services,Wholesale Distributors,United States,-1.02,8.4,-11.6,-6.1,-7.2,,
FUN,Six Flags Entertainment Corporation,NYSE,10.71,10.45,2.49,27.37,-60.9,11.0,Consumer Services,Movies/Entertainment,United States,-1.38,,-52.1,-47.1,-32.8,,是
WINA,Winmark Corporation,NASDAQ,300.19,280.05,7.19,527.37,-43.1,10.8,Retail Trade,Apparel/Footwear Retail,United States,-1.88,27.3,-40.6,-29.2,-11.2,,
REAL,"The RealReal, Inc.",NASDAQ,8.84,8.05,9.81,17.39,-49.2,10.8,Retail Trade,Internet Retail,United States,0.57,,-17.7,-27.4,-19.1,,是
CDRE,"Cadre Holdings, Inc.",NYSE,25.09,25.08,0.04,48.76,-48.5,10.7,Electronic Technology,Aerospace & Defense,United States,-1.72,29.6,-30.1,-13.2,-17.6,,
ORC,"Orchid Island Capital, Inc.",NYSE,5.43,5.41,0.37,8.4,-35.4,10.7,Finance,Real Estate Investment Trusts,United States,-5.89,3.6,-21.8,-22.4,-17.2,,
CLVT,Clarivate Plc,NYSE,1.67,1.64,1.83,3.96,-57.8,10.7,Commercial Services,Miscellaneous Commercial Services,United Kingdom,-1.76,,-56.2,-23.7,-16.5,,是
ENOV,Enovis Corporation,NYSE,18.27,17.3,5.61,34.28,-46.7,10.5,Health Technology,Medical Specialties,United States,-1.03,,-39.5,-11.3,-25.4,,是
OCSL,Oaktree Specialty Lending Corporation,NASDAQ,11.9,10.63,11.95,14.31,-16.8,10.5,Miscellaneous,Investment Trusts/Mutual Funds,United States,-1.65,24.8,-8.5,-2.5,-8.5,,
PRCT,PROCEPT BioRobotics Corporation,NASDAQ,18.22,16.66,9.33,38.11,-52.2,10.4,Health Technology,Medical Specialties,United States,0,,-49.9,-23.5,-12.2,,是
UVV,Universal Corporation,NYSE,41.79,41.3,1.19,59.38,-29.6,10.4,Distribution Services,Wholesale Distributors,United States,0.34,55.7,-24.3,-20.4,-8.6,,
UTI,Universal Technical Institute Inc,NYSE,18.67,18.02,3.61,51.34,-63.6,10.3,Commercial Services,Miscellaneous Commercial Services,United States,0.21,30.3,-43.1,-60.3,-12.8,,
TRUP,"Trupanion, Inc.",NASDAQ,23.36,21.16,10.4,46.98,-50.3,10.2,Finance,Multi-Line Insurance,United States,-1.06,43.9,-46.3,-10.6,-21.0,,
GSBD,"Goldman Sachs BDC, Inc.",NYSE,9.09,8.36,8.8,10.38,-12.4,10.2,Miscellaneous,Investment Trusts/Mutual Funds,United States,-4.21,17.6,-12.1,-6.6,-10.0,,
UPWK,Upwork Inc.,NASDAQ,8.16,7.44,9.68,22.84,-64.3,10.2,Commercial Services,Personnel Services,United States,0.74,10.7,-57.0,-10.0,-8.7,,
TUYA,Tuya Inc.,NYSE,1.7,1.6,6.25,2.7,-37.0,10.2,Technology Services,Packaged Software,China,0.59,15.2,-32,-6.6,-8.6,,
SBR,Sabine Royalty Trust,NYSE,69.15,65.31,5.88,79.86,-13.4,10.1,Miscellaneous,Investment Trusts/Mutual Funds,United States,-1.37,14.1,-12.2,-5.6,-8.6,,
YELP,Yelp Inc.,NYSE,18.5,17.27,7.15,34.49,-46.4,10.0,Technology Services,Internet Software/Services,United States,1.2,8.9,-41.3,-29.9,-19.7,,
RCAT,"Red Cat Holdings, Inc.",NASDAQ,6.46,5.77,11.96,18.78,-65.6,9.9,Technology Services,Packaged Software,Puerto Rico,0.16,,-36.9,-40.3,-25.7,,是
TRIP,"TripAdvisor, Inc.",NASDAQ,8.37,8.02,4.36,17.82,-53.0,9.8,Consumer Services,Other Consumer Services,United States,-0.36,828.7,-49.5,-39.8,-14.3,,
FUBO,FuboTV Inc.,NYSE,8.96,7.95,12.7,52.68,-83.0,9.8,Technology Services,Internet Software/Services,United States,-1.43,,-82.5,-11.1,-11.2,,
NPKI,NPK International Inc.,NYSE,11.42,10.73,6.43,16.5,-30.8,9.7,Producer Manufacturing,Building Products,United States,0.18,25.2,1.8,-20.8,-13.6,,
DFH,"Dream Finders Homes, Inc.",NYSE,10.7,10.48,2.06,27.2,-60.7,9.7,Consumer Durables,Homebuilding,United States,-2.73,7.5,-59.0,-35.6,-25.7,,
LZ,"LegalZoom.com, Inc.",NASDAQ,5.61,5.22,7.47,12.4,-54.8,9.6,Technology Services,Internet Software/Services,United States,1.08,59.8,-48.4,-15.5,-7.9,,
LAC,Lithium Americas Corp.,NYSE,2.63,2.62,0.38,10.52,-75.0,9.5,Non-Energy Minerals,Other Metals/Minerals,Canada,0,,-53.5,-33.2,-14.3,,是
OIG,Orion180 Insurance Group Inc.,NASDAQ,9.64,9.03,6.76,12.06,-20.1,9.5,Finance,Property/Casualty Insurance,United States,-5.3,,-16.2,-16.2,-16.2,,
DEC,Diversified Energy Company,NYSE,13.37,12.33,8.43,18.9,-29.3,9.5,Energy Minerals,Oil & Gas Production,United States,-0.96,,-3.6,-2.6,-11.0,,
VYX,NCR Voyix Corporation,NYSE,6.84,6.02,13.62,13.02,-47.5,9.4,Technology Services,Packaged Software,United States,3.32,16.8,-47.1,-20.0,-21.0,,
ASTE,"Astec Industries, Inc.",NASDAQ,40.24,39.72,1.32,65.69,-38.7,9.3,Producer Manufacturing,Trucks/Construction/Farm Machinery,United States,-1.11,47.9,-15.7,-33.1,-6.7,,
BV,"BrightView Holdings, Inc.",NYSE,10,9.81,1.88,15,-33.3,9.3,Commercial Services,Miscellaneous Commercial Services,United States,-0.6,,-24.0,-30.7,-10.1,,
UTL,UNITIL Corporation,NYSE,50.76,46.4,9.4,57.26,-11.4,9.3,Utilities,Electric Utilities,United States,-0.45,16.1,7.7,-3.8,-3.7,,
AGBK,AGI Inc,NYSE,5.76,5.67,1.59,12.21,-52.8,9.2,Finance,Regional Banks,Brazil,1.59,,-47.6,-20.3,-6.2,,
SBGI,"Sinclair, Inc.",NASDAQ,12.69,12.46,1.85,17.88,-29.0,9.2,Consumer Services,Broadcasting,United States,-0.55,16.5,-14.5,-15.9,-10.4,,
PXED,"Phoenix Education Partners, Inc.",NYSE,25.43,23.52,8.12,47.08,-46.0,9.2,Technology Services,Internet Software/Services,United States,0.2,11.4,-33.1,-26.2,-12.4,,
UPBD,"Upbound Group, Inc.",NASDAQ,15.7,15.37,2.15,23.98,-34.5,9.2,Finance,Finance/Rental/Leasing,United States,0.51,10.2,-34.1,-24.8,-17.9,,
CSR,D/B/A Centerspace,NYSE,54.4,52,4.62,69.61,-21.8,9.1,Finance,Real Estate Investment Trusts,United States,-1.32,69.0,-5.5,-3.4,3.7,,
APMD,"Apnimed, Inc.",NASDAQ,21.91,19.8,10.66,35.29,-37.9,9.1,Health Technology,Biotechnology,United States,-8.33,,-9.8,-9.8,-26.3,,
RZLV,Rezolve AI PLC,NASDAQ,2.17,2.05,5.85,7.58,-71.4,9.0,Technology Services,Packaged Software,United Kingdom,2.36,,-60.0,-29.2,-28.4,,是
BBDC,"Barings BDC, Inc.",NYSE,8.62,7.96,8.29,9.54,-9.6,9.0,Miscellaneous,Investment Trusts/Mutual Funds,United States,-1.15,10.4,-2.5,-0.6,-8.3,,
HEPS,D-Market Electronic Services & Trading,NASDAQ,2.46,2.15,14.42,3.33,-26.1,9.0,Technology Services,Internet Software/Services,Turkey,-2.38,,-11.5,-15.5,-6.1,,是
FRBT,"Forbright, Inc.",NASDAQ,17.03,16.81,1.31,22,-22.6,9.0,Finance,Regional Banks,United States,-0.23,,-2.7,-8.9,-7.7,,
SBSI,"Southside Bancshares, Inc.",NYSE,30.08,26.32,14.29,36.2,-16.9,9.0,Finance,Regional Banks,United States,-0.89,11.8,6.6,-15.8,-5.6,,
BRBR,"BellRing Brands, Inc.",NYSE,7.69,7.49,2.67,36.17,-78.7,8.9,Consumer Non-Durables,Beverages: Non-Alcoholic,United States,-0.77,5.4,-79.1,-42.0,-27.0,,
XTND,"Xtend AI Robotics, Inc.",NYSE,3.56,3.27,8.87,17.55,-79.7,8.9,Producer Manufacturing,Industrial Machinery,United States,-3.26,,-37.2,-28.7,-25.4,,是
PCT,"PureCycle Technologies, Inc.",NASDAQ,4.41,4.28,3.04,15.49,-71.5,8.9,Industrial Services,Environmental Services,United States,-0.45,,-66.1,-46.7,-33.8,,是
VRTS,"Virtus Investment Partners, Inc.",NYSE,132.32,121.61,8.81,195,-32.1,8.8,Finance,Investment Managers,United States,0.81,7.5,-30.9,-10.2,-21.3,,
SANA,"Sana Biotechnology, Inc.",NASDAQ,2.92,2.61,11.69,6.55,-55.5,8.7,Health Technology,Biotechnology,United States,0.17,,-17.4,-19.1,-24.7,,是
QFIN,"Qfin Holdings, Inc.",NASDAQ,6.7,6.7,0.07,31.08,-78.4,8.7,Finance,Finance/Rental/Leasing,China,-0.89,1.6,-77.6,-58.8,-23.0,,
TTI,"Tetra Technologies, Inc.",NYSE,5.87,5.38,9.11,12.54,-53.2,8.7,Process Industries,Chemicals: Specialty,United States,1.03,143.5,1.9,-43.1,-15.3,,
OI,"O-I Glass, Inc.",NYSE,5.65,5.61,0.71,16.91,-66.6,8.7,Process Industries,Containers/Packaging,United States,0.18,,-56.6,-41.3,-22.2,,是
ACEL,"Accel Entertainment, Inc.",NYSE,10.66,9.55,11.62,14,-23.9,8.7,Consumer Services,Movies/Entertainment,United States,-2.02,15.8,-5.3,-16.8,-9.7,,
ARDX,"Ardelyx, Inc.",NASDAQ,3.42,3.31,3.32,8.4,-59.3,8.5,Health Technology,Pharmaceuticals: Major,United States,0.88,,-39.3,-34.0,-10.0,,是
NNE,Nano Nuclear Energy Inc.,NASDAQ,15.85,14.71,7.75,60.87,-74.0,8.5,Producer Manufacturing,Electrical Products,United States,0.38,,-58.5,-24.5,-11.2,,是
OBX,"Obsidian Therapeutics, Inc.",NASDAQ,13.73,12.16,12.91,49.97,-72.5,8.5,Health Technology,Pharmaceuticals: Major,United States,-5.83,0.1,-72.5,-72.5,-17.0,,
EVLV,"Evolv Technologies Holdings, Inc.",NASDAQ,4.65,4.61,0.98,8.81,-47.2,8.4,Electronic Technology,Electronic Equipment/Instruments,United States,-1.27,,-41.3,-26.8,-11.7,,是
SMPL,The Simply Good Foods Company,NASDAQ,9.49,9.38,1.23,25.66,-63.0,8.4,Consumer Non-Durables,Food: Major Diversified,United States,-1.25,,-61.4,-30.2,-12.4,,是
DAKT,"Daktronics, Inc.",NASDAQ,17.39,16.77,3.7,28.27,-38.5,8.4,Producer Manufacturing,Miscellaneous Manufacturing,United States,-0.11,17.7,-16.3,-13.7,-10.1,,
RERE,ATRenew Inc.,NYSE,3.73,3.5,6.5,6.47,-42.3,8.3,Retail Trade,Electronics/Appliance Stores,China,-1.84,13.0,-21.1,-7.2,-7.7,,
SVC,Service Properties Trust,NASDAQ,6.44,5.65,13.98,13.5,-52.3,8.3,Finance,Real Estate Investment Trusts,United States,1.1,,-51.6,-22.9,-16.9,,是
SAFE,Safehold Inc. New,NYSE,11.77,11.75,0.17,17.45,-32.6,8.3,Finance,Real Estate Investment Trusts,United States,-1.92,7.3,-23.5,-25.5,-22.8,,
KBDC,"Kayne Anderson BDC, Inc.",NYSE,12.56,12.56,0.0,15.87,-20.9,8.3,Finance,Investment Managers,United States,-3.9,11.5,-5.1,-9.2,-6.1,,
YALA,Yalla Group Limited,NYSE,5.37,5.01,7.19,7.83,-31.4,8.3,Technology Services,Internet Software/Services,United Arab Emirates,-0.92,7.0,-28.8,-4.1,-2.4,,
SMP,"Standard Motor Products, Inc.",NYSE,37.1,34.27,8.26,46,-19.3,8.3,Consumer Durables,Automotive Aftermarket,United States,-1.07,16.6,-7.8,-4.4,-0.3,,
RPC,"Ridgepost Capital, Inc.",NYSE,7.43,6.79,9.43,11.47,-35.2,8.2,Finance,Investment Managers,United States,1.09,30.8,-33.0,-7.0,-13.6,,
TIGR,UP Fintech Holding Limited,NASDAQ,4.59,4,14.75,11.35,-59.6,8.2,Finance,Investment Banks/Brokers,Singapore,0.88,7.7,-58.1,-0.6,-8.2,,
PLTK,Playtika Holding Corp.,NASDAQ,2.14,2.07,3.38,4.42,-51.6,8.2,Technology Services,Packaged Software,Israel,-0.47,,-45.3,-44.0,-6.1,,是
INMD,InMode Ltd.,NASDAQ,14.17,12.72,11.4,16.74,-15.4,8.2,Health Technology,Medical Specialties,Israel,-0.35,11.5,-5.2,-3.9,-4.6,,
CAPL,CrossAmerica Partners LP,NYSE,21.36,19.67,8.59,24.63,-13.3,8.2,Distribution Services,Wholesale Distributors,United States,0.19,15.6,1.4,-4.6,-7.4,,
INR,"Infinity Natural Resources, Inc.",NYSE,12.6,11.13,13.21,19.59,-35.7,8.0,Energy Minerals,Integrated Oil,United States,-0.71,5.2,-4.1,1.4,-19.8,,
CIM,Chimera Investment Corporation,NYSE,9.53,9.51,0.21,14.18,-32.8,8.0,Finance,Real Estate Investment Trusts,United States,-6.57,,-27.1,-29.0,-17.1,,
ARI,"Apollo Commercial Real Estate Finance, Inc",NYSE,6.2,6.15,0.81,11.24,-44.8,8.0,Finance,Real Estate Investment Trusts,United States,-0.48,7.9,-37.8,-41.8,-9.0,,
MFA,"MFA Financial, Inc.",NYSE,7.85,7.84,0.13,10.43,-24.7,7.9,Finance,Real Estate Investment Trusts,United States,-1.88,7.8,-14.2,-19.2,-10.8,,
BXBL,"BOXABL, Inc.",NASDAQ,3.27,3.18,2.83,15.14,-78.4,7.9,Consumer Durables,Homebuilding,United States,-12.57,,-67.2,-67.6,-18.5,,是
ATTO,"Attovia Therapeutics, Inc.",NASDAQ,17.14,16.15,6.13,28,-38.8,7.8,Health Technology,Biotechnology,United States,-5.62,,-18.4,-18.4,-17.4,,
CSIQ,Canadian Solar Inc.,NASDAQ,11.52,10.34,11.47,34.59,-66.7,7.8,Electronic Technology,Semiconductors,Canada,-0.26,,-10.8,-26.6,-12.1,,是
JBSS,"John B. Sanfilippo & Son, Inc.",NASDAQ,66.51,59.07,12.6,92.08,-27.8,7.8,Consumer Non-Durables,Food: Specialty/Candy,United States,-1.23,12.6,5.1,-25.2,-10.4,,
HMH,HMH Holding Inc.,NASDAQ,17.52,16.32,7.35,24.5,-28.5,7.7,Industrial Services,Oilfield Services/Equipment,United States,-1.41,19.9,-7.3,-4.6,-8.7,,
AHCO,AdaptHealth Corp.,NASDAQ,5.64,5.21,8.25,13.43,-58.0,7.7,Health Services,Medical/Nursing Services,United States,-0.53,,-34.9,-46.8,-3.3,,是
DQ,DAQO New Energy Corp.,NYSE,11.43,10.87,5.15,36.59,-68.8,7.7,Process Industries,Chemicals: Specialty,China,0.79,,-59.8,-10.1,-15.3,,是
FDUS,Fidus Investment Corporation,NASDAQ,19.27,16.86,14.26,21.15,-8.9,7.7,Miscellaneous,Investment Trusts/Mutual Funds,United States,-1.33,9.3,-5.0,-1.0,-2.2,,
GILT,Gilat Satellite Networks Ltd.,NASDAQ,9.87,9.37,5.34,20.93,-52.8,7.6,Electronic Technology,Telecommunications Equipment,Israel,-0.7,22.6,-20.9,-25.5,0.1,,
WGO,"Winnebago Industries, Inc.",NYSE,26.37,26.25,0.48,50.16,-47.4,7.5,Consumer Durables,Recreational Products,United States,-1.09,19.4,-22.5,-15.5,-13.5,,
CRTO,Criteo S.A.,NASDAQ,15.2,15.15,0.33,25.29,-39.9,7.4,Commercial Services,Advertising/Marketing Services,Luxembourg,-1.62,7.7,-32.0,-18.5,-14.2,,
BFS,"Saul Centers, Inc.",NYSE,30.08,29.16,3.16,38.42,-21.7,7.4,Finance,Real Estate Investment Trusts,United States,-0.27,31.0,-4.1,-19.5,-9.1,,
FINV,FinVolution Group,NYSE,3.03,3.01,0.66,7.65,-60.4,7.4,Finance,Finance/Rental/Leasing,China,-0.33,2.9,-59.7,-38.8,-10.6,,
CGBD,"Carlyle Secured Lending, Inc.",NASDAQ,10.69,9.95,7.49,13.28,-19.5,7.4,Miscellaneous,Investment Trusts/Mutual Funds,United States,-3.69,21.2,-14.8,-2.8,-9.3,,
LUCK,Lucky Strike Entertainment Corporation,NYSE,5.36,5.1,5.1,10.68,-49.8,7.3,Consumer Services,Movies/Entertainment,United States,-1.29,,-48.1,-31.5,-16.4,,是
WVE,"Wave Life Sciences, Inc.",NASDAQ,3.7,3.56,4.08,21.73,-83.0,7.3,Health Technology,Biotechnology,United States,1.65,,-48.3,-36.9,-26.9,,是
SSYS,"Stratasys, Ltd.",NASDAQ,8.31,7.34,13.22,12.81,-35.1,7.3,Electronic Technology,Computer Peripherals,United States,-2.35,,-27.0,-2.8,7.6,,是
QDEL,QuidelOrtho Corporation,NASDAQ,10.54,9.92,6.25,35.58,-70.4,7.2,Health Technology,Medical Specialties,United States,-0.52,,-63.1,-43.1,-27.8,,是
ABR,Arbor Realty Trust,NYSE,3.86,3.76,2.66,12.57,-69.3,7.2,Finance,Real Estate Investment Trusts,United States,-2.77,60.1,-67.8,-26.8,-23.3,,
MFIC,MidCap Financial Investment Corporation,NASDAQ,8.74,8.71,0.29,12.5,-30.1,7.2,Finance,Financial Conglomerates,United States,-1.35,,-26.9,-13.6,-10.3,,是
BCSF,"Bain Capital Specialty Finance, Inc.",NYSE,11.04,10.95,0.82,14.7,-24.9,7.2,Finance,Financial Conglomerates,United States,-1.69,11.2,-22.1,-13.5,-7.5,,
ROOT,"Root, Inc.",NASDAQ,46.11,40.91,12.71,92.27,-50.0,7.1,Finance,Insurance Brokers/Services,United States,0.2,13.8,-49.7,-24.1,-18.3,,
REF,Reformation Inc.,NYSE,12.04,11.85,1.6,17.26,-30.2,7.1,Retail Trade,Apparel/Footwear Retail,United States,-1.87,,-19.7,-19.7,-20.1,,
COLL,"Collegium Pharmaceutical, Inc.",NASDAQ,21.82,21.62,0.93,50.79,-57.0,7.1,Health Technology,Pharmaceuticals: Major,United States,-1.84,17.7,-36.9,-40.2,-13.1,,
APC,ARKO Petroleum Corp.,NASDAQ,14.86,14.5,2.48,21.72,-31.6,7.1,Distribution Services,Wholesale Distributors,United States,-1.39,,-16.3,-19.1,-19.6,,
ETRA,"Electra Therapeutics, Inc.",NASDAQ,11.25,11,2.27,15.5,-27.4,7.1,Health Technology,Pharmaceuticals: Major,United States,-0.88,,-25,-25,-25,,
VTS,Vitesse Energy Inc.,NYSE,16.7,15,11.33,23.8,-29.8,7.0,Energy Minerals,Oil & Gas Production,United States,0,,-27.6,6.0,-3.9,,是
ESRT,"Empire State Realty Trust, Inc.",NYSE,4.03,3.93,2.54,8.04,-49.9,7.0,Finance,Real Estate Investment Trusts,United States,0,223.9,-47.3,-27.8,-11.8,,
MOMO,Hello Group Inc.,NASDAQ,4.84,4.8,0.83,7.65,-36.7,7.0,Technology Services,Packaged Software,China,0,5.0,-35.3,-18.5,-15.4,,
QVCG,"QVC Group, Inc.",NASDAQ,13.78,13.27,3.84,20,-31.1,6.9,Retail Trade,Electronics/Appliance Stores,United States,-3.77,,-31.1,-31.1,-18.8,,是
PMT,PennyMac Mortgage Investment Trust,NYSE,7.88,7.88,0.0,13.81,-42.9,6.9,Finance,Real Estate Investment Trusts,United States,-1.5,5.5,-35.2,-30.4,-15.5,,
PFLT,PennantPark Floating Rate Capital Ltd.,NYSE,6.91,6.83,1.17,9.75,-29.1,6.9,Miscellaneous,Investment Trusts/Mutual Funds,United States,-1.29,13.6,-22.7,-8.4,-5.7,,
WHK,WhiteHawk Minerals Corp,NYSE,24.48,24.06,1.75,29.07,-15.8,6.7,Miscellaneous,Investment Trusts/Mutual Funds,United States,-1.65,,-6.4,-10.9,-8.9,,
EVEX,"Eve Holding, Inc.",NYSE,1.93,1.93,0.0,5.16,-62.6,6.7,Electronic Technology,Aerospace & Defense,United States,-0.52,,-50.3,-23.4,-15.4,,是
OFRM,"Once Upon a Farm, PBC",NYSE,15.75,14,12.5,27,-41.7,6.6,Consumer Non-Durables,Food: Specialty/Candy,United States,-0.38,,-31.6,-28.5,-7.1,,是
HNRG,Hallador Energy Company,NASDAQ,13.87,13.65,1.61,24.7,-43.8,6.5,Utilities,Electric Utilities,United States,-1.56,670.0,-28.3,-18.4,-14.9,,是
NMFC,New Mountain Finance Corporation,NASDAQ,6.92,6.73,2.82,9.84,-29.7,6.5,Miscellaneous,Investment Trusts/Mutual Funds,United States,-1.35,,-28.3,-3.8,-8.3,,是
IVR,INVESCO MORTGAGE CAPITAL INC,NYSE,6.07,6.05,0.25,9.5,-36.1,6.5,Finance,Real Estate Investment Trusts,United States,-3.04,4.1,-18.2,-23.2,-17.1,,
WOOF,"Petco Health and Wellness Company, Inc.",NASDAQ,2.27,2.24,1.34,3.96,-42.7,6.5,Retail Trade,Internet Retail,United States,-0.44,22.1,-37.1,-16.5,-15.3,,
PZZA,"Papa John's International, Inc.",NASDAQ,19.7,19.31,2.05,55.74,-64.6,6.5,Consumer Services,Restaurants,United States,-3.07,24.7,-58.5,-45.5,-16.9,,
DMII,Drugs Made In America Acquisition II Corp.,NASDAQ,10.18,9.86,3.25,10.33,-1.5,6.5,Finance,Financial Conglomerates,United States,0.05,50,3.1,1.0,0.4,,
DGICA,"Donegal Group, Inc.",NASDAQ,17.79,16.11,10.43,21.06,-15.5,6.5,Finance,Multi-Line Insurance,United States,-1.55,9.2,-7.2,-7.6,-7.4,,
TIPT,Tiptree Inc.,NASDAQ,16.99,15.49,9.68,19.33,-12.1,6.3,Finance,Specialty Insurance,United States,-1.22,,-11.9,-7.9,-8.0,,是
SLRC,SLR Investment Corp.,NASDAQ,11.59,11.53,0.52,16.36,-29.2,6.3,Miscellaneous,Investment Trusts/Mutual Funds,United States,-1.02,8.6,-24.1,-6.5,-7.6,,
FWRG,"First Watch Restaurant Group, Inc.",NASDAQ,10.17,9.88,2.94,18.82,-46.0,6.3,Consumer Services,Restaurants,United States,-2.02,36,-35.4,-24.3,-18.2,,
UAMY,United States Antimony Corporation,NYSE,4.17,4.16,0.24,19.71,-78.8,6.2,Non-Energy Minerals,Other Metals/Minerals,United States,-0.24,,-33.9,-45.6,-16.3,,是
ARRY,"Array Technologies, Inc.",NASDAQ,4.03,3.76,7.18,12.23,-67.0,6.2,Producer Manufacturing,Electrical Products,United States,1.0,,-52.2,-44.0,-11.4,,是
HIFS,Hingham Institution for Savings,NASDAQ,282.59,248.53,13.7,338.0,-16.4,6.2,Finance,Savings Banks,United States,-2.84,9.4,9.3,-11.3,-3.7,,
AGNT,"AGNT, Inc.",NASDAQ,3.67,3.4,7.94,12.23,-70.0,6.1,Finance,Real Estate Development,United States,3.38,,-67.0,-32.7,-12.0,,是
VINP,Vinci Compass Investments Ltd.,NASDAQ,9.35,9.13,2.41,13.61,-31.3,6.1,Finance,Investment Managers,Brazil,0.32,13.7,-12.6,-5.2,-1.4,,
CCB,Coastal Financial Corporation,NASDAQ,39.94,35.56,12.32,120.05,-66.7,6.1,Finance,Regional Banks,United States,-0.1,,-65.6,-50.2,-17.6,,是
EVAC,EQV Ventures Acquisition Corp. II,NYSE,10.32,9.9,4.24,10.33,-0.1,6.0,Finance,Financial Conglomerates,United States,0.1,35.9,3.7,0.9,0.2,,
BCSS,Bain Capital GSS Investment Corp.,NYSE,10.3,9.95,3.52,10.48,-1.7,6.0,Finance,Financial Conglomerates,United States,0.1,49.0,2.0,0.5,0.2,,
CXII,Churchill Capital Corp XII,NASDAQ,10.79,10.05,7.36,10.99,-1.8,6.0,Finance,Financial Conglomerates,United States,0.65,,6.8,1.3,-0.6,,
MATW,Matthews International Corporation,NASDAQ,19.19,18.69,2.68,30.93,-38.0,6.0,Producer Manufacturing,Miscellaneous Manufacturing,United States,-1.24,,-19.1,-28.1,-7.9,,是
REAX,Real REMAX Group Inc.,NASDAQ,16.36,14.26,14.73,45,-63.6,6.0,Finance,Real Estate Development,United States,-0.37,,-62.6,-16.5,-22.8,,是
SSII,SS Innovations International Inc.,NASDAQ,2.98,2.74,8.76,10,-70.2,6.0,Health Technology,Medical Specialties,United States,3.11,,-47.3,-23.6,-13.6,,是
VEL,"Velocity Financial, Inc.",NYSE,15.02,14.88,0.94,21.39,-29.8,5.9,Finance,Finance/Rental/Leasing,United States,-0.66,5.5,-17.3,-19.5,-15.8,,
CTMX,"CytomX Therapeutics, Inc.",NASDAQ,2.72,2.6,4.62,8.21,-66.9,5.9,Health Technology,Pharmaceuticals: Major,United States,-1.09,,-16.6,-25.5,-15,,是
PHAT,"Phathom Pharmaceuticals, Inc.",NASDAQ,7.3,6.91,5.64,18.31,-60.1,5.9,Health Technology,Pharmaceuticals: Major,United States,-0.82,,-36.2,-31.5,-20.4,,是
CEPF,"Cantor Equity Partners IV, Inc.",NASDAQ,10.3,10.13,1.68,10.67,-3.5,5.9,Finance,Financial Conglomerates,United States,0,41.4,0.8,-1.1,-0.7,,
JBGS,JBG SMITH Properties,NYSE,10.04,9.95,0.9,22.28,-54.9,5.9,Finance,Real Estate Investment Trusts,United States,-0.59,,-53.6,-34.6,-16.6,,是
OCS,Oculis Holding AG,NASDAQ,9.34,9,3.78,34.48,-72.9,5.8,Commercial Services,Miscellaneous Commercial Services,Switzerland,2.3,,-46.2,-31.9,-22.9,,是
GRNT,"Granite Ridge Resources, Inc.",NYSE,4.34,4.18,3.83,6.14,-29.4,5.7,Energy Minerals,Oil & Gas Production,United States,1.17,,-20.9,-0.9,-16.1,,是
NOAH,Noah Holdings Limited,NYSE,7.91,7.8,1.41,12.45,-36.4,5.7,Finance,Investment Managers,China,1.15,6.5,-32.1,-21.8,-8.2,,
JBI,"Janus International Group, Inc.",NYSE,4.09,4.03,1.61,10.32,-60.4,5.6,Producer Manufacturing,Building Products,United States,-2.39,17.1,-58.4,-24.7,-16.0,,
LOT,Lotus Technology Inc.,NASDAQ,0.85,0.81,4.71,2.26,-62.4,5.6,Consumer Durables,Motor Vehicles,China,-2.3,,-56.9,-29.2,-30.9,,
ADTN,"ADTRAN Holdings, Inc.",NASDAQ,6.83,6.73,1.56,19.98,-65.8,5.6,Electronic Technology,Computer Peripherals,United States,-0.51,,-26.1,-50.2,-11.6,,是
YB,Yuanbao Inc.,NASDAQ,12.44,11.56,7.63,24.4,-49.0,5.6,Technology Services,Information Technology Services,China,2.98,2.8,-40.9,-18.6,-7.4,,
ALT,"Altimmune, Inc.",NASDAQ,2.86,2.56,11.72,6.44,-55.6,5.6,Health Technology,Biotechnology,United States,-3.7,,-24.1,-10.1,-7.1,,是
NCDL,Nuveen Churchill Direct Lending Corp.,NYSE,11.24,11.16,0.74,15.07,-25.4,5.6,Miscellaneous,Investment Trusts/Mutual Funds,United States,-3.77,11.8,-19.0,-12.5,-9.3,,
TLRY,"Tilray Brands, Inc.",NASDAQ,3.75,3.67,2.18,23.2,-83.8,5.5,Process Industries,Agricultural Commodities/Milling,Canada,-5.06,,-78.3,-16.3,-17.4,,是
PRME,"Prime Medicine, Inc.",NASDAQ,3.06,2.67,14.42,6.94,-56.0,5.5,Health Technology,Biotechnology,United States,-1.13,,-42.7,-21.7,-13.7,,是
ENHA,Enhanced Group Inc.,NYSE,1.4,1.39,0.72,14.0,-90.0,5.5,Finance,Financial Conglomerates,United States,-5.41,,-85.8,-48.1,-11.4,,是
AEXA,American Exceptionalism Acquisition Corp. A,NYSE,11.14,10.49,6.2,11.99,-7.1,5.5,Finance,Financial Conglomerates,United States,0,,-0.7,-5.8,-3.0,,是
MPLT,"MapLight Therapeutics, Inc.",NASDAQ,10.19,9.1,11.98,40.43,-74.8,5.4,Health Technology,Pharmaceuticals: Major,United States,0.39,,-46.4,-72.0,-19.1,,是
MSIF,"MSC Income Fund, Inc.",NYSE,11.77,10.8,8.98,14.46,-18.6,5.3,Miscellaneous,Investment Trusts/Mutual Funds,United States,-2.4,5.5,-10.6,-0.2,-6.8,,
ENRD,Einride AB,NASDAQ,3.81,3.4,12.06,34,-88.8,5.3,Technology Services,Packaged Software,Sweden,1.87,,-76.5,-52.3,-27.8,,
FBRT,"Franklin BSP Realty Trust, Inc.",NYSE,6.39,6.38,0.24,11.2,-42.9,5.3,Finance,Real Estate Investment Trusts,United States,-4.91,14.5,-41.0,-21.1,-23.9,,
HUYA,HUYA Inc.,NYSE,2.28,2.02,12.87,4.93,-53.8,5.3,Commercial Services,Miscellaneous Commercial Services,China,-1.72,,-31.3,-5.8,5.1,,是
ETD,Ethan Allen Interiors Inc.,NYSE,20.91,18.28,14.39,29.3,-28.6,5.3,Consumer Durables,Home Furnishings,United States,-0.48,13.4,-29.0,-5.0,-11.0,,
NB,NioCorp Developments Ltd.,NASDAQ,3.6,3.4,5.73,12.58,-71.4,5.3,Non-Energy Minerals,Other Metals/Minerals,United States,3.15,,-45.9,-26.8,-12.8,,是
GMRS,GMR Solutions Inc.,NYSE,9.63,9.56,0.73,15.98,-39.7,5.2,Health Services,Medical/Nursing Services,United States,-2.13,,-28.7,-34.7,-24.1,,
UHT,Universal Health Realty Income Trust,NYSE,37.39,35.26,6.04,46.3,-19.2,5.2,Finance,Real Estate Investment Trusts,United States,-1.63,26.9,-3.3,-16.9,-9.4,,
CWH,"Camping World Holdings, Inc.",NYSE,5.02,4.93,1.83,17.15,-70.7,5.2,Retail Trade,Specialty Stores,United States,-1.57,,-69.3,-34.3,-22.5,,是
SDHC,Smith Douglas Homes Corp.,NYSE,10.16,9.75,4.21,23.49,-56.7,5.2,Consumer Durables,Homebuilding,United States,-0.88,14.2,-43.1,-35.5,-17.5,,
OPFI,OppFi Inc.,NYSE,6.03,5.99,0.75,11.69,-48.4,5.1,Finance,Finance/Rental/Leasing,United States,-0.82,3.6,-49.4,-40.3,-13.5,,
FPH,"Five Point Holdings, LLC",NYSE,4.68,4.55,2.86,6.47,-27.7,5.1,Finance,Real Estate Development,United States,-0.85,6.6,-22.3,-11.2,-8.6,,
ARVN,"Arvinas, Inc.",NASDAQ,7.74,6.97,10.98,14.51,-46.7,5.1,Health Technology,Biotechnology,United States,3.13,48.2,-9.3,-6.8,-15.2,,
NPB,"Northpointe Bancshares, Inc.",NYSE,14.57,14.46,0.76,19.71,-26.1,5.0,Finance,Regional Banks,United States,-1.75,6.3,-15.0,-25.8,-14.1,,
NWAX,New America Acquisition I Corp.,NYSE,10.07,9.68,4.13,10.39,-3.0,5.0,Finance,Financial Conglomerates,United States,-0.05,113.3,-1.7,-0.6,-1.1,,
NXRT,"NexPoint Residential Trust, Inc.",NYSE,19.51,18.76,4.0,32.36,-39.7,5.0,Finance,Real Estate Investment Trusts,United States,1.25,,-38.2,-31.2,-16.5,,
AAC,Ares Acquisition Corporation III,NYSE,10.12,10,1.2,10.2,-0.8,5.0,Finance,Financial Conglomerates,United States,0.5,,-6.0,-6.0,0.4,,
DNUT,"Krispy Kreme, Inc.",NASDAQ,2.87,2.87,0.0,5.11,-43.8,5.0,Distribution Services,Food Distributors,United States,-0.35,,-19.9,-22.2,-16.8,,是
YORW,The York Water Company,NASDAQ,30.62,28.26,8.35,34.81,-12.0,5.0,Utilities,Water Utilities,United States,-0.33,19.1,1.2,-0.9,-9.6,,
CSV,"Carriage Services, Inc.",NYSE,31.17,30.11,3.52,52.1,-40.2,5.0,Consumer Services,Other Consumer Services,United States,0.61,11.2,-30.9,-19.4,-8.3,,
KRSP,Rice Acquisition Corporation 3,NYSE,10.67,10.21,4.51,11.89,-10.3,4.9,Finance,Financial Conglomerates,United States,-0.09,60.3,-0.3,2.0,1.6,,
MLAA,Mountain Lake Acquisition Corp. II,NASDAQ,10.01,9.39,6.55,11.2,-10.6,4.9,Finance,Financial Conglomerates,United States,0,,2.9,0.7,0.1,,
BDN,Brandywine Realty Trust,NYSE,2.8,2.47,13.36,4.2,-33.3,4.9,Finance,Real Estate Investment Trusts,United States,-0.71,,-32.2,-13.2,-8.2,,是
BRSP,"BrightSpire Capital, Inc.",NYSE,3.83,3.82,0.26,6.17,-37.9,4.8,Finance,Real Estate Investment Trusts,United States,-4.96,,-29.1,-30.5,-19.2,,是
JKS,JinkoSolar Holding Company Limited,NYSE,9.51,9.19,3.48,31.88,-70.2,4.8,Electronic Technology,Semiconductors,China,-0.94,,-60.6,-41.0,-29.8,,是
TRTX,"TPG RE Finance Trust, Inc.",NYSE,6.26,6.18,1.21,9.37,-33.2,4.8,Finance,Real Estate Investment Trusts,United States,-1.26,11.4,-26.7,-26.5,-19.1,,
OWLS,OBOOK Holdings Inc.,NASDAQ,5.44,4.76,14.17,90,-94.0,4.8,Commercial Services,Miscellaneous Commercial Services,Taiwan,-0.91,,-92,-3.0,-0.5,,
OLP,"One Liberty Properties, Inc.",NYSE,21.98,19.62,12.03,25.88,-15.1,4.8,Finance,Real Estate Investment Trusts,United States,-0.41,14.0,0.5,-11.8,-8.7,,
METC,"Ramaco Resources, Inc.",NASDAQ,8.27,8.25,0.24,57.8,-85.7,4.8,Energy Minerals,Coal,United States,-1.31,,-74.1,-36.7,-39.1,,是
ASMB,"Assembly Biosciences, Inc.",NASDAQ,23.49,21.8,7.78,39.7,-40.8,4.8,Health Technology,Pharmaceuticals: Major,United States,0.04,,-4.1,-12.2,-30.5,,是
SAAQ,Space Asset Acquisition Corp.,NASDAQ,10.05,9.88,1.72,11.1,-9.5,4.8,Finance,Financial Conglomerates,United States,0.1,176.3,1.5,-1.5,-0.5,,
GTEN,"Gores Holdings X, Inc.",NASDAQ,10.49,10.19,2.94,10.99,-4.5,4.7,Finance,Financial Conglomerates,United States,-0.29,78.1,2.3,0.6,-0.4,,
VRRM,Verra Mobility Corporation,NASDAQ,3.1,2.85,8.77,25.45,-87.8,4.7,Transportation,Other Transportation,United States,1.97,11.7,-87.4,-27.7,-29.9,,
ONT,"Onterris, Inc.",NYSE,13.38,12.68,5.52,30.9,-56.7,4.7,Industrial Services,Environmental Services,United States,-5.17,,-51.4,-36.1,-20.3,,是
GCGR,General Catalyst Global Resilience Merger Corp.,NASDAQ,10.12,9.96,1.61,10.22,-1.0,4.7,Finance,Financial Conglomerates,United States,-0.39,,0.5,0.4,-0.5,,
BRTM,B&R Technology Merger Corp.,NASDAQ,9.8,9.78,0.26,10.24,-4.3,4.7,Finance,Financial Conglomerates,United States,-0.05,,-2.0,-2.0,-2.0,,
ALTI,"AlTi Global, Inc.",NASDAQ,2.99,2.75,8.73,5.45,-45.1,4.7,Finance,Investment Managers,United States,-0.66,,-16.2,-19.0,-23.0,,是
APXT,Apex Treasury Corporation,NASDAQ,10.13,9.87,2.63,10.19,-0.6,4.7,Finance,Financial Conglomerates,United States,-0.1,74.6,1.7,0.7,0.1,,
ARKO,ARKO Corp.,NASDAQ,4.12,3.71,11.05,8.76,-52.9,4.6,Retail Trade,Food Retail,United States,0.24,54.3,-8.8,-49.8,-5.7,,
BCCQ,Bleichroeder Acquisition Corp. III,NASDAQ,9.94,9.71,2.37,10.12,-1.8,4.6,Finance,Financial Conglomerates,United States,-0.1,,0.1,0.1,-1.2,,
TATT,TAT Technologies Ltd.,NASDAQ,35.04,31.52,11.17,64.5,-45.7,4.6,Electronic Technology,Aerospace & Defense,Israel,-1.07,21.9,-12.5,-27.6,-4.4,,
MBUU,"Malibu Boats, Inc.",NASDAQ,22.92,22.64,1.24,34.97,-34.5,4.5,Consumer Durables,Recreational Products,United States,-1.76,309.3,-29.3,-11.1,-14.7,,
CWCO,Consolidated Water Co. Ltd.,NASDAQ,28.02,27.23,2.9,39.12,-28.4,4.5,Utilities,Water Utilities,Cayman Islands,0.32,27.9,-19.7,-5.0,-5.6,,
CLB,Core Laboratories Inc.,NYSE,9.7,9.63,0.73,20.36,-52.4,4.5,Energy Minerals,Oil & Gas Production,United States,-0.1,17.2,-21.7,-17.0,-23.0,,
IEAG,Infinite Eagle Acquisition Corp.,NASDAQ,10.22,9.97,2.51,10.3,-0.8,4.4,Finance,Financial Conglomerates,United States,0.2,110.7,1.7,0.5,-0.4,,
KBON,Karbon Capital Partners Corp.,NASDAQ,10.07,10.02,0.5,10.15,-0.8,4.4,Finance,Financial Conglomerates,United States,0,97.6,0.3,0.1,-0.5,,
IDR,"Idaho Strategic Resources, Inc.",AMEX,28,26.02,7.61,54.7,-48.8,4.4,Non-Energy Minerals,Precious Metals,United States,-2.47,19.7,-17.8,-14.5,-13.4,,
MBVI,M3-Brigade Acquisition VI Corp.,NASDAQ,10.25,9.99,2.6,10.5,-2.4,4.4,Finance,Financial Conglomerates,United States,0.2,43.2,-0.5,0.6,0.4,,
TRC,Tejon Ranch Co,NYSE,16.22,15.31,5.94,21.31,-23.9,4.4,Finance,Real Estate Development,United States,-0.86,72.6,1.5,-14.6,0.6,,
ACIC,American Coastal Insurance Corporation,NASDAQ,9.04,9.01,0.33,13.05,-30.8,4.4,Finance,Property/Casualty Insurance,United States,-2.16,4.5,-19.6,-20.7,-4.3,,
AMSF,"AMERISAFE, Inc.",NASDAQ,23.63,23.2,1.85,43.73,-46.0,4.4,Finance,Property/Casualty Insurance,United States,-1.01,9.5,-45.7,-31.6,-9.5,,
TWI,"Titan International, Inc. (DE)",NYSE,6.78,6.37,6.44,11.7,-42.1,4.4,Producer Manufacturing,Auto Parts: OEM,United States,-2.16,,-10.8,-12.5,-3.7,,是
IACO,Idea Acquisition Corp.,NASDAQ,10,9.78,2.25,10.01,-0.0,4.4,Finance,Finance/Rental/Leasing,United States,0,,1.7,0.8,0.1,,是
EIKN,"Eikon Therapeutics, Inc.",NASDAQ,8.04,7.54,6.56,17.4,-53.8,4.4,Health Technology,Pharmaceuticals: Major,United States,1.64,,-52.8,-34.7,-26.2,,
MESH,Meshflow Acquisition Corp.,NASDAQ,10.09,9.87,2.28,10.13,-0.4,4.4,Finance,Financial Conglomerates,United States,0.1,69.7,1.9,0.8,0.1,,
DBCA,D. Boral Acquisition I Corp.,NASDAQ,10.01,9.83,1.83,10.1,-0.9,4.3,Finance,Financial Conglomerates,United States,-0.15,,0.8,0.2,0,,
KRAQ,KRAKacquisition Corp,NASDAQ,10.01,9.78,2.34,10.44,-4.1,4.3,Finance,Finance/Rental/Leasing,United States,-0.11,,1.3,0.2,0.2,,是
PRTA,Prothena Corporation plc,NASDAQ,8.38,7.73,8.41,11.8,-29.0,4.3,Health Technology,Biotechnology,Ireland,-4.56,,-13.9,-12.8,-9.5,,是
ASIX,AdvanSix Inc.,NYSE,15.92,14.1,12.91,26.73,-40.4,4.3,Process Industries,Chemicals: Specialty,United States,-0.56,,-17.7,-20.8,-4.7,,是
SPRY,"ARS Pharmaceuticals, Inc.",NASDAQ,4.31,4,7.75,13.15,-67.2,4.3,Health Technology,Pharmaceuticals: Major,United States,-2.05,,-56.4,-47.1,-26.6,,是
SGU,Star Group L.P.,NYSE,12.84,11.39,12.73,13.53,-5.1,4.2,Energy Minerals,Oil Refining/Marketing,United States,0.47,6.2,9.8,-0.3,0.4,,
KFII,K&F Growth Acquisition Corp. II,NASDAQ,10.68,10.22,4.5,10.69,-0.1,4.2,Finance,Financial Conglomerates,United States,0.09,39.7,4.5,1.2,0.3,,
NATH,"Nathan's Famous, Inc.",NASDAQ,101.43,88.67,14.4,113.86,-10.9,4.2,Consumer Services,Restaurants,United States,-0.12,21.0,-5.6,0,2.5,,
IMSR,Terrestrial Energy Inc.,NASDAQ,3.89,3.87,0.52,31.5,-87.7,4.1,Industrial Services,Engineering & Construction,United States,-2.02,,-74.5,-43.0,-23.3,,是
CLBR,Colombier Acquisition Corp. III,NYSE,10.2,10.01,1.9,10.4,-1.9,4.1,Finance,Financial Conglomerates,United States,0,149.6,1.2,-1.0,-0.5,,
CHCT,Community Healthcare Trust Incorporated,NYSE,14.18,13.23,7.18,19.16,-26.0,4.1,Finance,Real Estate Investment Trusts,United States,-1.46,21.3,-5.5,-23.0,-5.4,,
ASPI,ASP Isotopes Inc.,NASDAQ,2.65,2.51,5.58,14.49,-81.7,4.1,Industrial Services,Engineering & Construction,United States,0.57,,-74.2,-57.0,-32.1,,是
NPAC,New Providence Acquisition Corp. III,NASDAQ,10.53,10.15,3.74,10.53,0.0,4.0,Finance,Financial Conglomerates,United States,0,43.5,3.5,1.5,0.8,,
SERV,Serve Robotics Inc.,NASDAQ,4.65,4.17,11.51,18.64,-75.1,4.0,Producer Manufacturing,Industrial Machinery,United States,0.43,,-60.7,-29.1,-6.1,,是
OSPR,Osprey Acquisition Corp. III,NASDAQ,9.82,9.8,0.2,10.05,-2.3,4.0,Finance,Financial Conglomerates,United States,-0.1,,-1.7,-1.7,-0.3,,
MEVO,M Evo Global Acquisition Corp II,NASDAQ,10,9.83,1.73,11.14,-10.2,4.0,Finance,Financial Conglomerates,United States,0,,1.2,0.7,0,,是
FRPH,"FRP Holdings, Inc.",NASDAQ,20.81,20.53,1.36,25.74,-19.2,4.0,Finance,Real Estate Development,United States,-1.19,4246.9,-14.9,-17.1,-7.0,,
CCOI,"Cogent Communications Holdings, Inc.",NASDAQ,7.79,7.13,9.26,45.69,-82.9,4.0,Communications,Major Telecommunications,United States,6.13,,-79.5,-46.2,-17.3,,是
EVGO,EVgo Inc.,NASDAQ,1.26,1.23,2.44,5.18,-75.7,4.0,Retail Trade,Specialty Stores,United States,-5.26,,-73.4,-34.4,-8.7,,是
CINT,CI&T Inc,NYSE,3.07,2.8,9.64,5.8,-47.1,3.9,Technology Services,Information Technology Services,Brazil,1.32,10.9,-41.4,-19.2,-9.7,,
TACO,Berto Acquisition Corp.,NASDAQ,10.47,10.11,3.56,10.65,-1.7,3.9,Finance,Financial Conglomerates,United States,0.19,42.0,0.5,-0.7,-0.2,,
FCBM,"First Carolina Financial Services, Inc.",NYSE,12.63,12.17,3.78,13.4,-5.7,3.9,Finance,Regional Banks,United States,0.64,,-0.8,-0.2,-0.1,,
ZKP,Lafayette Digital Acquisition Corp. I,NASDAQ,10.03,9.85,1.83,10.05,-0.2,3.9,Finance,Financial Conglomerates,United States,0,93.0,0.3,0.7,0.1,,
GUAC,Berto Acquisition Corp. II,NASDAQ,9.95,9.9,0.45,10.05,-1.0,3.9,Finance,Financial Conglomerates,United States,0.15,,-1.0,-1.0,0.2,,
RDAG,Republic Digital Acquisition Company,NASDAQ,10.44,9.77,6.88,10.45,-0.1,3.9,Finance,Financial Conglomerates,United States,0,35.1,2.1,1.0,0.4,,
WENN,Wen Acquisition Corp,NASDAQ,10.42,10.09,3.27,10.44,-0.2,3.9,Finance,Financial Conglomerates,United States,0.1,36.1,2.8,1.2,0.3,,
KDK,"Kodiak AI, Inc.",NASDAQ,1.92,1.82,5.49,11.35,-83.1,3.9,Producer Manufacturing,Auto Parts: OEM,United States,-9.86,,-74.5,-66.0,-50.6,,是
OFIX,Orthofix Medical Inc.,NASDAQ,9.41,8.5,10.71,16.99,-44.6,3.8,Health Technology,Medical Specialties,United States,-3.49,,-34.3,-0.5,-1.7,,是
KEYY,Keystone Acquisition Corp.,NASDAQ,9.95,9.84,1.12,10,-0.5,3.8,Finance,Financial Conglomerates,United States,0.35,,-0.5,0.9,0.3,,
AIOT,"PowerFleet, Inc.",NASDAQ,2.84,2.55,11.37,5.88,-51.7,3.8,Technology Services,Packaged Software,United States,3.27,,-45.9,-35.3,-6.0,,是
YICC,Yorkville International Capital Corp.,NASDAQ,9.93,9.84,0.86,9.98,-0.6,3.8,Finance,Financial Conglomerates,United States,0.05,,0.5,0.5,-0.1,,
ALOV,"Aldabra 4 Liquidity Opportunity Vehicle, Inc.",NASDAQ,10.04,9.82,2.24,10.04,0.0,3.8,Finance,Financial Conglomerates,United States,0.5,134.6,1.4,1.0,0.5,,
ITG,"ITG, Inc.",NASDAQ,7.78,7.06,10.13,19.26,-59.6,3.8,Industrial Services,Engineering & Construction,United States,-4.72,,-56.8,-55.1,-36.8,,
HACQ,HCM IV Acquisition Corp.,NASDAQ,10.04,9.86,1.83,10.09,-0.5,3.8,Finance,Financial Conglomerates,United States,0.05,,0.4,0.1,-0.2,,是
NKLR,Terra Innovatum Global N.V.,NASDAQ,3.39,3.28,3.35,21.91,-84.5,3.7,Producer Manufacturing,Electrical Products,Italy,1.8,0.7,-67.4,-31.4,-40.5,,
MZYX,MOZAYYX Acquisition Corp.,NYSE,9.98,9.79,1.94,10.1,-1.2,3.7,Finance,Financial Conglomerates,United States,-0.15,,1.9,-0.3,0.1,,
WDH,Waterdrop Inc.,NYSE,1.02,0.96,6.25,2.03,-49.8,3.7,Finance,Insurance Brokers/Services,China,-0.97,4.9,-47.2,-12.8,3.0,,
GIW,GigCapital8 Corp.,NASDAQ,10.18,9.87,3.14,10.18,0.0,3.7,Finance,Financial Conglomerates,United States,0.1,64.3,1.3,1.1,0.3,,
KPLT,"Katapult Holdings, Inc.",NASDAQ,4.37,4.21,3.8,16.07,-72.8,3.7,Commercial Services,Miscellaneous Commercial Services,United States,-3.74,2.9,-66.4,-38.9,-23.1,,
FVAV,Fortress Value Acquisition Corp. V,NASDAQ,10.25,10,2.5,10.35,-1.0,3.7,Finance,Financial Conglomerates,United States,0,,2.5,0.9,0.4,,
CPS,Cooper-Standard Holdings Inc.,NYSE,20.84,20.25,2.91,47.98,-56.6,3.7,Producer Manufacturing,Auto Parts: OEM,United States,-1.74,,-43.0,-21.9,-21.5,,是
XIII,Churchill Capital Corp XIII,NASDAQ,10.26,10.01,2.5,11.25,-8.8,3.7,Finance,Financial Conglomerates,United States,-0.39,,-5.3,-5.3,-5.3,,
FDMM,Freedom Metals Acquisition Corp.,NASDAQ,9.82,9.78,0.41,9.88,-0.6,3.7,Finance,Financial Conglomerates,United States,-0.15,,-0.3,-0.3,-0.2,,
FCRS,FutureCrest Acquisition Corp.,NYSE,10.23,10.02,2.15,10.92,-6.3,3.7,Finance,Financial Conglomerates,United States,0.05,57.0,0.6,-0.2,-0.2,,
SDHI,Siddhi Acquisition Corp,NASDAQ,10.55,10.15,3.94,10.56,-0.1,3.7,Finance,Financial Conglomerates,United States,0,36.2,3.9,1.2,0.4,,
OIM,OneIM Acquisition Corp.,NASDAQ,10.15,9.5,6.84,10.32,-1.7,3.7,Finance,Financial Conglomerates,United States,0.3,87.3,1.2,0.8,0.3,,
OXM,"Oxford Industries, Inc.",NYSE,24.44,24.2,1.01,49.58,-50.7,3.7,Consumer Non-Durables,Apparel/Footwear,United States,-2.28,,-39.7,-32.3,-35.4,,是
GIX,GigCapital9 Corp.,NASDAQ,10.01,9.8,2.14,10.04,-0.3,3.7,Finance,Financial Conglomerates,United States,0.05,,1.6,0.6,0.2,,
CRAN,Crane Harbor Acquisition Corp. II,NASDAQ,10.1,9.13,10.62,10.21,-1.1,3.7,Finance,Financial Conglomerates,United States,0,78.3,2.0,-0.2,-0.4,,
ALUB,Alussa Energy Acquisition Corp. II,NYSE,10.14,9.9,2.42,10.17,-0.3,3.6,Finance,Financial Conglomerates,United States,0.1,,1.6,0.6,0.3,,是
GHXI,"Gores Holdings XI, Inc.",NASDAQ,9.99,9.94,0.5,10.88,-8.2,3.6,Finance,Financial Conglomerates,United States,-0.1,,0.1,0.1,0.2,,
IIIV,"i3 Verticals, Inc.",NASDAQ,13.82,13.63,1.39,33.97,-59.3,3.6,Technology Services,Packaged Software,United States,-1.14,37.2,-57.7,-37.2,-14.1,,
TACH,Titan Acquisition Corp.,NASDAQ,10.53,10.12,4.05,10.59,-0.6,3.6,Finance,Financial Conglomerates,United States,0,42.3,4.1,1.2,0.5,,
IHRT,"iHeartMedia, Inc.",NASDAQ,2.1,2.08,0.96,6.56,-68.0,3.6,Consumer Services,Broadcasting,United States,-3.45,,-25.0,-51.4,-23.9,,是
GBLI,"Global Indemnity Group, LLC",NASDAQ,24.5,23.97,2.21,30.5,-19.7,3.6,Finance,Property/Casualty Insurance,United States,0.86,10.4,-14.2,-3.5,-17.3,,
KCHV,Kochav Defense Acquisition Corp.,NASDAQ,10.46,10.03,4.29,10.46,0.0,3.6,Finance,Financial Conglomerates,United States,0.1,40.0,4.2,0.7,0.3,,
CCII,Cohen Circle Acquisition Corp. II,NASDAQ,10.3,10.11,1.88,10.5,-1.9,3.6,Finance,Financial Conglomerates,United States,-0.1,43.4,1.5,-1.0,-0.2,,
ACAA,Averin Capital Acquisition Corp.,NASDAQ,10,9.56,4.65,10.23,-2.3,3.6,Finance,Financial Conglomerates,United States,-0.2,,1.0,0,-0.2,,
ARCI,Archimedes Tech SPAC Partners III Co.,NASDAQ,10.1,9.83,2.75,10.2,-1.0,3.6,Finance,Financial Conglomerates,United States,0,,2.0,1.0,-0.4,,
AMAC,AMR Resources Acquisition Corp,NASDAQ,9.79,9.79,0.0,10,-2.1,3.6,Finance,Financial Conglomerates,Cayman Islands,0,,-2.1,-2.1,-2.1,,
HCIC,Hennessy Capital Investment Corp. VIII,NASDAQ,9.98,9.79,1.94,10.02,-0.4,3.5,Finance,Financial Conglomerates,United States,0,,0.7,0.1,-0.1,,
OYSE,Oyster Enterprises II Acquisition Corp,NASDAQ,10.4,10.02,3.84,10.41,-0.0,3.5,Finance,Financial Conglomerates,United States,0.07,38.1,3.8,0.9,0.4,,
BDCI,BTC Development Corp.,NASDAQ,10.15,9.96,1.91,10.26,-1.1,3.5,Finance,Financial Conglomerates,United States,-0.05,64.4,-0.5,0.8,0.0,,
BLZR,Trailblazer Acquisition Corp.,NASDAQ,10.25,10,2.5,10.25,0.0,3.5,Finance,Financial Conglomerates,United States,0.05,46.1,1.5,1.4,0.5,,
SBXE,SilverBox Corp V,NYSE,10.11,9.91,2.02,10.24,-1.3,3.5,Finance,Financial Conglomerates,United States,0.1,,2.0,-0.2,-0.2,,是
IMXI,"International Money Express, Inc.",NASDAQ,11.58,10.36,11.83,15.95,-27.4,3.5,Commercial Services,Miscellaneous Commercial Services,United States,-0.6,18.6,-17.9,-20.4,-19.8,,
OPI,Office Properties Income Trust,NASDAQ,15.93,14.64,8.81,27.8,-42.7,3.5,Finance,Real Estate Investment Trusts,United States,-0.13,,-42.7,-2.3,-11.1,,是
OCGN,"Ocugen, Inc.",NASDAQ,1.03,0.97,6.19,2.73,-62.2,3.5,Health Technology,Pharmaceuticals: Major,United States,-5.5,,-31.8,-31.8,-21.7,,是
BNTC,Benitec Biopharma Inc.,NASDAQ,10,9.26,8.05,16.76,-40.3,3.5,Health Technology,Biotechnology,United States,2.56,,-28.4,-22.0,-19.2,,是
ARTC,Art Technology Acquisition Corp.,NASDAQ,10.01,9.79,2.3,10.02,-0.1,3.5,Finance,Financial Conglomerates,United States,-0.09,106.0,1.8,0.8,0.1,,
SCTX,Scribe Therapeutics Inc.,NASDAQ,18.41,17.3,6.36,39.6,-53.5,3.5,Health Technology,Biotechnology,United States,-20.08,,-14.3,-14.3,-35.2,,
SORN,Soren Acquisition Corp.,NASDAQ,10.02,9.81,2.14,10.88,-7.9,3.5,Finance,Financial Conglomerates,United States,0,95.7,0.5,0.9,0.6,,
TLNC,Talon Capital Corp.,NASDAQ,10.22,9.87,3.55,11.3,-9.6,3.5,Finance,Financial Conglomerates,United States,-0.2,58.3,2.9,-0.8,-0.3,,
BMBL,Bumble Inc.,NASDAQ,2.63,2.49,5.62,6.13,-57.1,3.5,Technology Services,Packaged Software,United States,2.33,,-58.2,-18.6,-3.3,,是
FGII,FG Imperii Acquisition Corp.,NASDAQ,10.02,9.86,1.62,10.04,-0.2,3.5,Finance,Financial Conglomerates,United States,-0.1,87.3,1.2,0.9,0,,
ORN,"Orion Group Holdings, Inc.",NYSE,8.55,8.08,5.82,17.4,-50.9,3.5,Industrial Services,Engineering & Construction,United States,1.66,93.5,2.6,-45.0,-8.1,,
DSAC,Daedalus Special Acquisition Corp.,NASDAQ,10.14,9.89,2.48,10.47,-3.2,3.4,Finance,Financial Conglomerates,United Kingdom,-0.1,56.6,1.4,0.4,-0.4,,
CLNE,Clean Energy Fuels Corp.,NASDAQ,1.56,1.54,1.3,3.11,-49.8,3.4,Utilities,Gas Distributors,United States,-0.64,,-42.0,-24.3,-5.5,,是
ARTNA,Artesian Resources Corporation,NASDAQ,33.2,30.5,8.85,36.98,-10.2,3.4,Utilities,Water Utilities,United States,-0.3,14.5,2.5,-2.4,-6.5,,
TREE,"LendingTree, Inc.",NASDAQ,24.43,23.5,3.96,68.93,-64.6,3.4,Finance,Finance/Rental/Leasing,United States,0.33,1.9,-64.0,-46.5,-16.0,,
AACI,Armada Acquisition Corp. III,NASDAQ,10.07,9.74,3.39,10.1,-0.3,3.4,Finance,Financial Conglomerates,United States,0.1,146.6,1.2,0.9,0.2,,
PERI,Perion Network Ltd,NASDAQ,8.69,7.62,13.97,11.27,-22.9,3.4,Technology Services,Internet Software/Services,Israel,1.05,,-10.3,-9.3,-10.9,,是
SOHU,Sohu.com Limited,NASDAQ,12.92,11.61,11.28,17.3,-25.3,3.4,Technology Services,Internet Software/Services,China,-1.45,1.5,-20.2,2.2,-9.0,,
ERII,"Energy Recovery, Inc.",NASDAQ,6.67,6.6,1.06,18.32,-63.6,3.4,Producer Manufacturing,Industrial Machinery,United States,-1.19,23.6,-56.4,-25.4,-13.7,,
CGCF,Cartesian Growth Corporation IV,NASDAQ,9.81,9.78,0.31,10,-1.9,3.4,Finance,Financial Conglomerates,United States,0.1,,-1.4,-1.4,-0.3,,
CAII,Collective Acquisition Corp. II,NASDAQ,10.01,9.9,1.11,10.01,0.0,3.4,Finance,Financial Conglomerates,United States,0.1,,0.9,0.8,0.2,,
IPFX,Inflection Point Acquisition Corp. VI,NASDAQ,10.05,9.95,1.01,11.02,-8.8,3.4,Finance,Finance/Rental/Leasing,United States,0.1,,0,-2.9,-0.8,,
CCAP,"Crescent Capital BDC, Inc.",NASDAQ,9.18,9.13,0.49,15.18,-39.5,3.4,Finance,Finance/Rental/Leasing,United States,-3.77,,-36.9,-17.3,-11.9,,是
PTOR,Praetorian Acquisition Corp.,NASDAQ,9.96,9.77,1.89,10.04,-0.8,3.4,Finance,Financial Conglomerates,United States,-0.05,,1.1,0.2,-0.4,,
BLUW,Blue Water Acquisition Corp. III,NASDAQ,10.38,9.97,4.11,10.41,-0.3,3.4,Finance,Financial Conglomerates,United States,0.07,38.1,4.1,0.4,0,,
NPWR,NET Power Inc.,NYSE,1.49,1.35,10.37,5.2,-71.3,3.4,Producer Manufacturing,Electrical Products,United States,-1.32,,-52.4,-10.8,-17.2,,是
BEAG,Bold Eagle Acquisition Corp.,NASDAQ,10.68,10.35,3.19,11.11,-3.9,3.3,Finance,Financial Conglomerates,United States,0,42.1,2.7,0.1,-0.6,,
BCML,BayCom Corp,NASDAQ,30.34,26.78,13.29,34.98,-13.3,3.3,Finance,Regional Banks,United States,-1.43,25.3,5.6,-10.7,0.1,,
RREV,RRE Ventures Acquisition Corp.,NASDAQ,9.92,9.86,0.61,9.94,-0.2,3.3,Finance,Financial Conglomerates,United States,0,,0.2,0.3,0,,
FERA,Fifth Era Acquisition Corp I,NASDAQ,10.55,10.16,3.84,10.55,0.0,3.3,Finance,Financial Conglomerates,Cayman Islands,0.09,51.8,3.8,1.2,0.5,,
EH,EHang Holdings Limited,NASDAQ,4.22,4.21,0.24,20.2,-79.1,3.3,Technology Services,Packaged Software,China,-2.99,,-77.3,-37.8,-6.6,,是
DRDB,Roman DBDR Acquisition Corp. II,NASDAQ,10.73,10.3,4.17,10.73,-0.0,3.3,Finance,Financial Conglomerates,United States,0.28,60.2,4.2,1.9,0.7,,
BBOT,"BridgeBio Oncology Therapeutics, Inc.",NASDAQ,4.1,3.79,8.18,14.87,-72.4,3.3,Health Technology,Biotechnology,United States,4.59,,-63.9,-47.8,-53.0,,是
CEPV,"Cantor Equity Partners V, Inc.",NASDAQ,10.3,10.06,2.39,10.5,-1.9,3.3,Finance,Financial Conglomerates,United States,-0.58,58.7,0.2,-0.5,-0.8,,
OBA,Oxley Bridge Acquisition Limited,NASDAQ,10.35,9.95,4.02,10.35,0.0,3.3,Finance,Financial Conglomerates,Canada,0.1,50.0,4.0,1.0,0.4,,
FIP,FTAI Infrastructure Inc.,NASDAQ,2.76,2.75,0.36,6.69,-58.7,3.3,Utilities,Electric Utilities,United States,-2.13,,-37.8,-39.3,-22.7,,是
CRAQ,Cal Redwood Acquisition Corp.,NASDAQ,10.4,9.99,4.09,10.4,0.0,3.3,Finance,Financial Conglomerates,United States,0,40.0,4.1,1.2,0.4,,
RTAC,Renatus Tactical Acquisition Corp I,NASDAQ,10.45,10.26,1.85,11.7,-10.7,3.3,Finance,Financial Conglomerates,United States,0.19,41.8,-4.6,-2.1,-0.2,,
CABA,"Cabaletta Bio, Inc.",NASDAQ,1.92,1.9,1.05,4.23,-54.6,3.3,Health Technology,Biotechnology,United States,-3.03,,-19.7,-38.3,-38.2,,是
GEVO,"Gevo, Inc.",NASDAQ,1.31,1.31,0.38,2.97,-55.7,3.3,Process Industries,Chemicals: Specialty,United States,-1.13,,-32.6,-9.3,-21.0,,是
EVOX,Evolution Global Acquisition Corp,NASDAQ,10.13,9.86,2.74,10.15,-0.2,3.2,Finance,Financial Conglomerates,United States,0.2,,2.5,1.0,0.2,,是
KOYN,CSLM Digital Asset Acquisition Corp III,NASDAQ,10.27,9.85,4.26,10.28,-0.1,3.2,Finance,Financial Conglomerates,United States,0.2,67.6,3.5,1.1,0.4,,
ALDF,Aldel Financial II Inc.,NASDAQ,10.82,10.44,3.64,10.83,-0.1,3.2,Finance,Financial Conglomerates,United States,0,47.8,4.0,0.9,0.3,,
PMTR,Perimeter Acquisition Corp. I,NASDAQ,10.43,10.15,2.76,10.67,-2.2,3.2,Finance,Financial Conglomerates,United States,-0.24,40.7,1.1,-0.2,0,,
IACQ,Irenic Acquisition Corp.,NASDAQ,9.95,9.91,0.4,10.1,-1.5,3.2,Finance,Financial Conglomerates,United States,-0.3,,-0.7,-0.3,-0.2,,
JACS,Jackson Acquisition Company II,NYSE,10.83,10.36,4.54,10.83,0.0,3.2,Finance,Financial Conglomerates,United States,0,37.6,4.8,0.9,0.8,,
CAES,"Cantor Equity Partners VII, Inc.",NASDAQ,10.06,10.05,0.1,10.17,-1.1,3.2,Finance,Financial Conglomerates,United States,0,,-0.7,-0.4,-0.3,,
RNGT,Range Capital Acquisition Corp II,NASDAQ,10.19,9.9,2.95,10.2,-0.1,3.2,Finance,Financial Conglomerates,United States,0.1,56.7,1.9,0.8,0.1,,
CHSCP,CHS Inc - 8% Cumulative Redeemable Preferred Stock,NASDAQ,26.19,25.85,1.32,29.98,-12.6,3.2,Distribution Services,Wholesale Distributors,United States,0.81,,-12.4,-2.6,-1.4,,
SNDL,SNDL Inc.,NASDAQ,1.29,1.17,10.73,2.89,-55.4,3.2,Process Industries,Agricultural Commodities/Milling,Canada,-5.15,,-52.6,-5.8,-4.4,,是
TVA,Texas Ventures Acquisition III Corp,NASDAQ,10.58,10.31,2.62,12.27,-13.8,3.2,Finance,Financial Conglomerates,United States,0.09,81.2,-0.4,0.3,0.3,,
SAC,Safeguard Acquisition Corp.,NYSE,10.1,9.9,2.02,11.02,-8.3,3.2,Finance,Financial Conglomerates,United States,0.1,80.0,0.9,0.5,-0.1,,
ATII,Archimedes Tech SPAC Partners II Co.,NASDAQ,10.68,10.24,4.3,11.4,-6.3,3.2,Finance,Financial Conglomerates,United States,-0.09,,4.1,-1.7,0.1,,是
AEAQ,Activate Energy Acquisition Corp.,NASDAQ,10.08,9.78,3.07,10.1,-0.2,3.2,Finance,Financial Conglomerates,Cayman Islands,0,66.1,1.4,0.7,-0.2,,
ABAT,American Battery Technology Company,NASDAQ,2.21,2,10.5,11.49,-80.8,3.2,Non-Energy Minerals,Other Metals/Minerals,United States,0.91,,-57.9,-20.8,-13.7,,是
IPXG,Inection Point Acquisition Corp. VII,NASDAQ,10.05,9.76,3.01,10.22,-1.7,3.1,Finance,Financial Conglomerates,United States,0.0,,-11.1,-1.4,0.1,,
RBBN,Ribbon Communications Inc.,NASDAQ,1.76,1.55,13.55,4.09,-57.0,3.1,Technology Services,Packaged Software,United States,-1.68,21.5,-53.2,-25.1,-12.9,,
MOBI,"Mobia Medical, Inc.",NASDAQ,9.45,8.45,11.83,15.29,-38.2,3.1,Health Technology,Medical Specialties,United States,4.77,,-18.9,-29.8,-16.1,,
LEGO,Legato Merger Corp. IV,AMEX,10.05,9.8,2.55,10.05,0.0,3.1,Finance,Financial Conglomerates,United States,0.5,,1.0,1.2,0.7,,
AACO,Abony Acquisition Corp. I,NASDAQ,10,9.84,1.63,10,0.0,3.1,Finance,Financial Conglomerates,United States,0,,0.5,1.0,0.2,,
ILLU,Illumination Acquisition Corp I,NASDAQ,9.98,9.82,1.63,11.0,-9.3,3.1,Finance,Financial Conglomerates,United States,-0.25,,-9.3,0.8,0.5,,
LWAC,LightWave Acquisition Corp.,NASDAQ,10.38,9.95,4.34,10.39,-0.1,3.1,Finance,Financial Conglomerates,United States,-0.08,42.0,4.1,1.6,0.8,,
FTW,Presidio Production Company,NYSE,9.96,9.5,4.84,17.2,-42.1,3.1,Energy Minerals,Integrated Oil,United States,-2.26,,-4.3,-17.1,-9.7,,
CAQ,Cambridge Acquisition Corp.,NASDAQ,10.01,9.8,2.14,10.1,-0.9,3.1,Finance,Financial Conglomerates,United States,0.1,,-0.9,1.0,0.2,,
MTAL,Metals Acquisition Corp. II,NYSE,10.16,9.95,2.11,11.8,-13.9,3.1,Finance,Financial Conglomerates,Cayman Islands,0,,1.3,0,0,,
LPBB,Launch Two Acquisition Corp.,NASDAQ,10.82,10.43,3.79,10.85,-0.2,3.1,Finance,Financial Conglomerates,United States,-0.05,41.8,3.6,0.9,0.1,,
FVRR,Fiverr International Ltd.,NYSE,8.62,8.31,3.73,24.39,-64.7,3.1,Technology Services,Data Processing Services,Israel,0.82,10.5,-66.1,-21.5,-7.8,,
SVIV,Spring Valley Acquisition Corp. IV,NASDAQ,10.09,9.55,5.65,10.8,-6.6,3.1,Finance,Financial Conglomerates,United States,0.1,,0.1,-1.4,-1.1,,
ITHA,ITHAX Acquisition Corp III,NASDAQ,10.08,9.85,2.34,10.11,-0.3,3.1,Finance,Financial Conglomerates,United States,0.2,83.8,1.8,0.8,0.4,,
BBW,"Build-A-Bear Workshop, Inc.",NYSE,25.07,24.15,3.81,72.19,-65.3,3.1,Retail Trade,Specialty Stores,United States,-1.49,6.2,-64.3,-17.7,-18.0,,
VHCP,Vine Hill Capital Investment Corp. II,NASDAQ,10.07,9.89,1.82,10.1,-0.3,3.1,Finance,Financial Conglomerates,United States,0.1,94.7,1.0,0.8,0.2,,
CCCT,Columbus Circle Capital Corp III,NASDAQ,9.84,9.8,0.41,9.86,-0.2,3.1,Finance,Financial Conglomerates,United States,0,,0.4,0.4,0.1,,
TMTS,Spartacus Acquisition Corp. II,NASDAQ,10.03,9.9,1.26,10.45,-4.1,3.1,Finance,Financial Conglomerates,United States,0,,1.2,0.3,-0.4,,
VII,Viking Acquisition Corp. II,NYSE,9.82,9.8,0.2,9.9,-0.8,3.1,Finance,Financial Conglomerates,United States,-0.3,,-0.8,-0.8,-0.2,,
OPAL,OPAL Fuels Inc.,NASDAQ,1.75,1.65,6.06,2.87,-39.0,3.1,Process Industries,Industrial Specialties,United States,-1.13,,-25.2,-20.8,-13.8,,
XNET,Xunlei Limited,NASDAQ,4.83,4.52,6.86,11.03,-56.2,3.1,Technology Services,Information Technology Services,China,0.84,,-48.1,-18.1,-4.0,,是
BIXI,Bitcoin Infrastructure Acquisition Corp Ltd.,NASDAQ,10.12,9.8,3.27,10.33,-2.0,3.0,Finance,Financial Conglomerates,United States,-0.3,87.8,1.7,1.2,0.2,,
TLS,Telos Corporation,NASDAQ,4.07,3.79,7.53,8.36,-51.3,3.0,Technology Services,Information Technology Services,United States,0.74,,-41.9,-16.8,-15.4,,是
LE,"Lands' End, Inc.",NASDAQ,10.28,9.56,7.53,20.04,-48.7,3.0,Retail Trade,Apparel/Footwear Retail,United States,0.49,0.9,-27.3,-2.4,-13.8,,
OTGA,OTG Acquisition Corp. I,NASDAQ,10.27,9.97,2.99,10.27,0.0,3.0,Finance,Financial Conglomerates,United States,0.1,53.9,2.0,1.1,0.4,,
PSBD,Palmer Square Capital BDC Inc.,NYSE,9.89,9.34,5.89,13.11,-24.6,3.0,Miscellaneous,Investment Trusts/Mutual Funds,United States,-0.8,,-20.1,-5.8,-4.4,,是
JENA,Jena Acquisition Corporation II,NYSE,10.43,10.06,3.68,10.61,-1.7,3.0,Finance,Financial Conglomerates,United States,0.38,40.8,2.5,-0.2,-0.4,,
FISN,"Deep Fission, Inc.",NASDAQ,5.13,5.05,1.58,15.5,-66.9,3.0,Producer Manufacturing,Industrial Machinery,United States,-2.19,,-62.3,-50.7,-24.2,,是
HVMC,Highview Merger Corp.,NASDAQ,10.27,9.93,3.42,10.27,0.0,3.0,Finance,Financial Conglomerates,United States,0.1,44.7,2.7,1.2,0.3,,
GSRF,GSR IV Acquisition Corp.,NASDAQ,10.25,9.96,2.91,10.25,0.0,3.0,Finance,Financial Conglomerates,United States,0.2,51.5,0.5,0.9,0.3,,
QLEP,Quantum Leap Acquisition Corp,NYSE,10.04,9.93,1.11,10.1,-0.6,3.0,Finance,Financial Conglomerates,United States,-0.1,,0.9,0.8,0.7,,
GSRV,GSR V Acquisition Corp.,NASDAQ,9.88,9.84,0.46,9.91,-0.3,3.0,Finance,Financial Conglomerates,United States,-0.05,,0.4,0.4,-0.1,,
EVMN,"Evommune, Inc.",NYSE,8.26,8.11,1.85,33.2,-75.1,3.0,Health Technology,Pharmaceuticals: Major,United States,-1.08,,-52.1,-36.3,-36.9,,是
VNDA,Vanda Pharmaceuticals Inc.,NASDAQ,4.91,4.27,14.99,9.94,-50.6,3.0,Health Technology,Pharmaceuticals: Major,United States,-2.39,,0,-19.0,-6.1,,是
SVAQ,Silicon Valley Acquisition Corp.,NASDAQ,10.12,9.86,2.64,10.16,-0.4,3.0,Finance,Financial Conglomerates,United States,0,120.5,1.7,0.2,0.8,,
GPAC,General Purpose Acquisition Corp.,NASDAQ,10.08,9.86,2.23,10.1,-0.2,3.0,Finance,Financial Conglomerates,United States,-0.1,80.7,2.1,0.6,0.2,,
HCAC,Hall Chadwick Acquisition Corp.,NASDAQ,10.13,9.91,2.22,10.13,0.0,3.0,Finance,Financial Conglomerates,Singapore,0.1,,1.8,0.9,0.4,,
IRHO,Iron Horse Acquisitions II Corp.,NASDAQ,10.07,9.85,2.23,10.14,-0.7,3.0,Finance,Financial Conglomerates,United States,0,116.1,2.1,0.2,0.2,,
PACH,Pioneer Acquisition I Corp,NASDAQ,10.37,9.96,4.12,10.4,-0.3,2.9,Finance,Financial Conglomerates,United States,0.1,37.0,4.1,1.1,0.5,,
PSFE,Paysafe Limited,NYSE,5.63,5.59,0.72,13.56,-58.5,2.9,Commercial Services,Miscellaneous Commercial Services,United Kingdom,-4.09,,-56.5,-29.4,-15.8,,是
BACC,Blue Acquisition Corp.,NASDAQ,10.5,9.99,5.12,11.1,-5.4,2.9,Finance,Financial Conglomerates,United States,0.19,66.7,5,-3.2,0.5,,
MTNE,CH4 Natural Solutions Corporation,NYSE,9.92,9.84,0.81,10.05,-1.3,2.9,Finance,Financial Conglomerates,United States,0,,-1.3,0.5,0.2,,
ACGC,ACP Holdings Acquisition Corp.,NASDAQ,10.06,9.9,1.62,10.89,-7.6,2.9,Finance,Financial Conglomerates,United States,0,,1.2,1.0,0.6,,
GOGO,Gogo Inc.,NASDAQ,2.15,2.13,0.7,9.93,-78.3,2.9,Communications,Wireless Telecommunications,United States,-3.59,,-74.9,-39.0,-20.4,,是
ADAC,American Drive Acquisition Company,NASDAQ,10.12,9.85,2.74,10.73,-5.7,2.9,Finance,Financial Conglomerates,United States,0.6,118.8,1.7,1.1,0.3,,
KPET,KPET Ultra Paceline Corporation,NYSE,10.01,9.91,1.01,10.21,-2.0,2.9,Finance,Financial Conglomerates,United States,0.2,,1.0,0.5,0.3,,
LPCV,Launchpad Cadenza Acquisition Corp I,NASDAQ,10.07,9.88,1.92,10.13,-0.6,2.9,Finance,Financial Conglomerates,United States,0,79.2,1.2,0.7,0.5,,
RCKT,"Rocket Pharmaceuticals, Inc.",NASDAQ,2.63,2.51,4.78,5.45,-51.7,2.9,Health Technology,Biotechnology,United States,1.54,,-19.6,-25.3,-30.2,,是
UPB,"Upstream Bio, Inc.",NASDAQ,5.27,4.99,5.72,33.68,-84.4,2.9,Health Technology,Biotechnology,United States,1.54,,-69.6,-27.9,-20.6,,是
AIV,Apartment Investment and Management Company,NYSE,1.98,1.92,3.13,8.01,-75.3,2.9,Finance,Real Estate Investment Trusts,United States,-3.88,,-74.4,-32.9,-21.4,,
XFOR,"X4 Pharmaceuticals, Inc.",NASDAQ,2.9,2.8,3.57,4.83,-40.0,2.9,Health Technology,Biotechnology,United States,0,,-12.7,-30.1,-27.9,,是
SHOT,RMG ML Sports Holdings,NASDAQ,9.86,9.8,0.61,9.9,-0.4,2.9,Finance,Financial Conglomerates,United States,0.05,,0.4,0.4,0.2,,
ISBA,Isabella Bank Corporation,NASDAQ,37.47,33.24,12.73,58.83,-36.3,2.9,Finance,Regional Banks,United States,-1.47,13.8,6.3,-8.4,-4.4,,
CUB,Lionheart Holdings,NASDAQ,10.9,10.51,3.71,11.22,-2.9,2.9,Finance,Financial Conglomerates,United States,0,321.5,3.7,0.8,0,,
FTRA,FutureCorp Space Acquisition 1,NYSE,9.87,9.85,0.2,9.98,-1.1,2.8,Finance,Financial Conglomerates,United States,0.05,,0.2,0.2,-0.2,,
MGPI,"MGP Ingredients, Inc.",NASDAQ,13.25,12.5,6.0,26.77,-50.5,2.8,Process Industries,Agricultural Commodities/Milling,United States,-0.67,,-45.8,-24.2,-20.8,,是
HLLY,Holley Inc.,NYSE,2.36,2.33,1.29,4.48,-47.3,2.8,Producer Manufacturing,Auto Parts: OEM,United States,-3.67,28.0,-26.3,-5.2,-19.5,,
ATLQ,JAB Acquisition Corp I,NASDAQ,9.96,9.89,0.71,9.99,-0.3,2.8,Finance,Financial Conglomerates,United States,-0.2,,0.7,0.7,0.2,,
WLCO,Wilco 63 Corporation,NASDAQ,9.85,9.77,0.82,11.5,-14.3,2.8,Finance,Financial Conglomerates,Cayman Islands,0.2,,-0.5,-0.5,0.6,,
TVAI,Thayer Ventures Acquisition Corporation II,NASDAQ,10.4,9.75,6.67,10.4,0.0,2.8,Finance,Financial Conglomerates,United States,0.1,47.4,3.6,0.7,0.3,,
AXIN,Axiom Intelligence Acquisition Corp 1,NASDAQ,10.37,9.95,4.17,10.45,-0.8,2.8,Finance,Financial Conglomerates,United Kingdom,0.14,35.5,4.1,0.1,0.4,,
SAMO,Samos Energy Acquisition Corporation,NYSE,9.83,9.79,0.41,9.9,-0.7,2.8,Finance,Financial Conglomerates,United States,0.31,,-0.7,-0.7,-0.7,,
XCBE,X3 Acquisition Corp. Ltd.,NASDAQ,10.03,9.75,2.82,10.03,0.0,2.8,Finance,Financial Conglomerates,United States,0.05,96.9,2.2,0.4,0.3,,
EYPT,"EyePoint, Inc.",NASDAQ,3.27,3.25,0.62,19.11,-82.9,2.8,Health Technology,Pharmaceuticals: Major,United States,-4.39,,-76.7,-75.3,-26.4,,是
JONE,Jones Ventures INTL Acquisition1 Corp,NASDAQ,9.82,9.78,0.41,10,-1.8,2.8,Finance,Financial Conglomerates,United States,0,,-1.8,-1.8,-1.8,,
PAII,Pyrophyte Acquisition Corp. II,NYSE,10.33,9.94,3.92,10.33,0.0,2.8,Finance,Financial Conglomerates,United States,0.29,46.7,3.9,1.3,0.4,,
NXH,"Neighborhood Intelligence, Inc.",NASDAQ,2.94,2.93,0.34,12.65,-76.8,2.8,Retail Trade,Internet Retail,United States,-1.67,,-68.1,-53.2,-26.7,,是
CNCK,Coincheck Group N.V.,NASDAQ,1.46,1.39,5.04,9.31,-84.3,2.8,Finance,Investment Banks/Brokers,Netherlands,2.82,,-67.8,-31.8,-29.8,,
RM,Regional Management Corp.,NYSE,30.23,29.92,1.04,44.3,-31.8,2.8,Finance,Finance/Rental/Leasing,United States,-1.11,6.4,-24.0,-28.7,-7.0,,
TDUP,ThredUp Inc.,NASDAQ,2.12,2.1,0.71,10,-78.8,2.8,Retail Trade,Internet Retail,United States,-3.2,,-77.8,-69.3,-20.9,,是
ISNR,Snow Rothschild Acquisition Corp.,NASDAQ,9.83,9.8,0.31,9.95,-1.2,2.8,Finance,Financial Conglomerates,United States,0.2,,-0.7,-0.7,0.3,,
AMRN,Amarin Corporation plc,NASDAQ,13,12.96,0.31,20.9,-37.8,2.8,Health Technology,Pharmaceuticals: Major,Ireland,-1.07,,-19.1,-21.9,-6.9,,是
LXEO,"Lexeo Therapeutics, Inc.",NASDAQ,3.38,2.98,13.42,10.99,-69.2,2.8,Health Technology,Biotechnology,United States,-1.17,,-49.5,-25.6,-29.9,,是
NEGG,"Newegg Commerce, Inc.",NASDAQ,13.2,12.5,5.6,96.29,-86.3,2.8,Retail Trade,Internet Retail,United States,-0.23,,-67.6,-17.4,-21.0,,
XSLL,Xsolla SPAC 1,NASDAQ,10,9.76,2.46,10,0.0,2.8,Finance,Financial Conglomerates,United States,0.2,103.2,1.7,0.7,0.5,,
MTAK,Market Technology Acquisition Corp,NASDAQ,9.85,9.83,0.2,10,-1.5,2.8,Finance,Financial Conglomerates,United States,0,,-1.5,-1.5,-1.5,,
NHIV,NewHold Investment Corp IV,NASDAQ,10.05,9.8,2.55,11.5,-12.6,2.8,Finance,Financial Conglomerates,United States,0,,-4.3,0.5,-0.6,,
NC,"NACCO Industries, Inc.",NYSE,36.54,36.03,1.42,59.42,-38.5,2.8,Energy Minerals,Coal,United States,-1.75,15.9,-14.1,-24.4,-16.0,,
KWY,Kingsway Corporation,NYSE,9.5,8.41,12.96,16.51,-42.4,2.7,Finance,Multi-Line Insurance,United States,3.37,,-34.7,-9.4,-7.6,,是
SOUL,Soulpower Acquisition Corporation,NYSE,10.48,10.05,4.33,11,-4.7,2.7,Finance,Financial Conglomerates,United States,0.05,47.1,3.9,1.3,0.3,,
MUZE,Muzero Acquisition Corp,NASDAQ,10,9.78,2.25,10.04,-0.4,2.7,Finance,Financial Conglomerates,United States,0,,1.4,0.7,0,,
MTRX,Matrix Service Company,NASDAQ,9.57,9.38,2.03,15.96,-40.1,2.7,Industrial Services,Engineering & Construction,United States,1.06,,-24.9,-28.5,-11.7,,是
DNMX,Dynamix Corporation III,NASDAQ,10.08,9.87,2.17,10.08,0.0,2.7,Finance,Financial Conglomerates,United States,0,87.6,1.2,0.7,0.1,,
XPER,Xperi Inc.,NYSE,5.51,5.07,8.79,8.75,-37.0,2.7,Technology Services,Packaged Software,United States,-0.36,,-16.4,-36.3,-7.6,,是
PTLO,Portillo's Inc.,NASDAQ,3.53,3.29,7.29,6.83,-48.3,2.7,Consumer Services,Restaurants,United States,-0.56,18.4,-44.8,-29.4,-24.1,,
SAR,Saratoga Investment Corp New,NYSE,16.66,16.62,0.24,24.76,-32.7,2.7,Miscellaneous,Investment Trusts/Mutual Funds,United States,-2.17,16.6,-31.2,-26.0,-8.5,,
TTGT,"TechTarget, Inc.",NASDAQ,3.7,3.37,9.79,6.7,-44.8,2.7,Technology Services,Data Processing Services,United States,-1.07,,-37.7,-9.5,-4.4,,是
CATL,Catalyst Acquisition Corp.,NASDAQ,9.8,9.79,0.1,10.12,-3.2,2.7,Finance,Financial Conglomerates,United States,-0.0,,-2.9,-2.9,-2.9,,
PCYO,Pure Cycle Corporation,NASDAQ,11.04,9.71,13.76,12.44,-11.3,2.7,Utilities,Water Utilities,United States,0.45,18.1,0.5,1.3,-3.0,,
OACC,Oaktree Acquisition Corp. III Life Sciences,NASDAQ,10.78,10.47,2.96,10.88,-0.9,2.7,Finance,Financial Conglomerates,United States,0,39.2,2.7,0.7,-0.2,,
IMRX,Immuneering Corporation,NASDAQ,4.09,3.86,6.09,8.48,-51.7,2.6,Health Technology,Pharmaceuticals: Major,United States,-0.85,,-41.0,-19.2,-18.1,,是
DMAA,Drugs Made In America Acquisition Corp.,NASDAQ,10.88,10.26,6.04,10.88,0.0,2.6,Finance,Financial Conglomerates,United States,0,58.5,6.0,2.4,1.2,,
GBFH,GBank Financial Holdings Inc.,NASDAQ,18.18,18.16,0.11,42.23,-57.0,2.6,Finance,Regional Banks,United States,-2.52,14.2,-54.1,-41.9,-9.8,,
NTWO,Newbury Street II Acquisition Corp,NASDAQ,10.82,10.29,5.2,12.14,-10.8,2.6,Finance,Financial Conglomerates,United States,0,52.8,4.5,0.8,-2.4,,
FACT,FACT II Acquisition Corp.,NASDAQ,10.72,10.28,4.29,10.75,-0.3,2.6,Finance,Financial Conglomerates,United States,-0.08,68.0,4.3,0.4,0.3,,
HCMA,HCM III Acquisition Corp.,NASDAQ,10.29,10.03,2.59,10.49,-1.9,2.6,Finance,Financial Conglomerates,United States,0,62.7,1.7,0.3,0,,
TRGS,TRG Latin America Acquisitions Corp.,NASDAQ,9.96,9.82,1.43,10.1,-1.4,2.6,Finance,Financial Conglomerates,United States,0,,-1.4,0.7,0.1,,
STRT,STRATTEC SECURITY CORPORATION,NASDAQ,64.96,57.01,13.94,93,-30.2,2.6,Producer Manufacturing,Auto Parts: OEM,United States,-2.39,13.0,-1.6,-21.4,-11.8,,
VNME,Vendome Acquisition Corporation I,NASDAQ,10.33,9.9,4.34,10.33,0.0,2.6,Finance,Financial Conglomerates,United States,0.29,36.6,4.0,1.1,0.5,,
MSB,Mesabi Trust,NYSE,19.59,18.5,5.89,42.38,-53.8,2.6,Non-Energy Minerals,Steel,United States,-2.68,39.6,-32.3,-24.6,-17.4,,
REFI,"Chicago Atlantic Real Estate Finance, Inc.",NASDAQ,10.02,9.69,3.41,13.49,-25.7,2.6,Finance,Real Estate Investment Trusts,United States,-6.36,7.3,-21.0,-7.6,-6.3,,
OFLX,"Omega Flex, Inc.",NASDAQ,25.4,24.75,2.62,37.92,-33.0,2.6,Producer Manufacturing,Miscellaneous Manufacturing,United States,-0.74,21.6,-19.0,-18.7,-6.9,,
PNAQ,Pinnacle Acquisition Corporation,NYSE,9.85,9.8,0.51,10,-1.5,2.6,Finance,Financial Conglomerates,United States,0,,0.5,0.5,0.5,,
RAC,Rithm Acquisition Corp.,NYSE,10.54,10.26,2.75,10.6,-0.5,2.6,Finance,Financial Conglomerates,United States,-0.17,35.6,2.8,0.9,0.0,,
AKBA,"Akebia Therapeutics, Inc.",NASDAQ,0.92,0.81,13.02,3.2,-71.2,2.5,Health Technology,Pharmaceuticals: Major,United States,3.83,,-66.3,-24.6,4.5,,是
BCYC,Bicycle Therapeutics plc,NASDAQ,3.68,3.57,3.08,9.16,-59.8,2.5,Health Technology,Pharmaceuticals: Major,United Kingdom,0.82,,-51.5,-12.8,-12.6,,是
SCII,SC II Acquisition Corp.,NASDAQ,10.18,9.9,2.85,10.18,0.0,2.5,Finance,Financial Conglomerates,United States,0.12,93.2,2.8,1.3,0.6,,
IPVV,"InterPrivate Investment Partners V, Inc.",NASDAQ,9.84,9.77,0.72,9.9,-0.6,2.5,Finance,Financial Conglomerates,United States,-0.2,,0.1,0.1,0.1,,
AIAI,AIAI Holdings Corporation,NASDAQ,3.21,3.02,6.12,19.57,-83.6,2.5,Technology Services,Packaged Software,United States,2.07,,-73.2,-78.0,-20.1,,
BRT,BRT Apartments Corp. (MD),NYSE,13.36,13.18,1.38,15.97,-16.3,2.5,Finance,Real Estate Investment Trusts,United States,-0.6,,-14.6,-11.2,-7.5,,是
OHAC,Oceanhawk Acquisition Corp.,NASDAQ,10,9.86,1.42,10,0.0,2.5,Finance,Financial Conglomerates,United States,0,,1.4,0.5,0.5,,
MKLY,McKinley Acquisition Corporation,NASDAQ,10.28,9.85,4.31,10.3,-0.2,2.5,Finance,Financial Conglomerates,United States,0.15,58.5,3.8,0.9,0.4,,
ASLE,AerSale Corporation,NASDAQ,5.24,5.21,0.48,8.58,-38.9,2.5,Distribution Services,Wholesale Distributors,United States,-1.32,,-36.5,-20.1,-6.3,,是
HCKT,"The Hackett Group, Inc.",NASDAQ,10.05,9.15,9.78,20.68,-51.4,2.5,Commercial Services,Miscellaneous Commercial Services,United States,1.82,15.6,-47.2,-8.7,-11.2,,
QADR,QDRO Acquisition Corp.,NASDAQ,10,9.85,1.52,11.07,-9.7,2.5,Finance,Financial Conglomerates,United States,0,292.4,1.3,0.4,0.2,,
GTERA,Globa Terra Acquisition Corporation,NASDAQ,10.45,9.98,4.71,10.45,0.0,2.5,Finance,Financial Conglomerates,Mexico,0,797.7,4.7,1.4,0.4,,
TRDA,"Entrada Therapeutics, Inc.",NASDAQ,6.35,5.55,14.41,16.45,-61.4,2.5,Health Technology,Biotechnology,United States,1.44,,8.9,-17.2,-7.2,,是
MIAC,Meridian3 Industrials Acquisition Corp,NASDAQ,9.82,9.72,1.03,9.95,-1.3,2.5,Finance,Financial Conglomerates,United States,0,,0.2,0.2,0,,
MVST,"Microvast Holdings, Inc.",NASDAQ,0.64,0.56,13.9,7.12,-91.0,2.5,Producer Manufacturing,Electrical Products,United States,-1.3,,-84.3,-46.7,-10.0,,
MCGA,Yorkville Acquisition Corp.,NASDAQ,10.35,10.09,2.58,10.83,-4.4,2.4,Finance,Financial Conglomerates,United States,-0.1,82.6,-2.1,1.2,0.1,,
TVC,Tennessee Valley Authority,NYSE,23.98,23.62,1.52,24.57,-2.4,2.4,Government,General Government,United States,0.97,,-0.3,0,0.2,,
BLND,"Blend Labs, Inc.",NYSE,1.03,1.02,0.98,3.7,-72.2,2.4,Technology Services,Packaged Software,United States,0,,-72.7,-42.1,-31.3,,是
TMCR,The Metals Royalty Company Inc.,NASDAQ,3.85,3.65,5.34,21.38,-82.0,2.4,Finance,Financial Conglomerates,Canada,-1.79,,-74.3,-45.2,-39.6,,是
SOCA,Solarius Capital Acquisition Corp.,NASDAQ,10.34,9.96,3.82,10.36,-0.2,2.4,Finance,Financial Conglomerates,United States,0,49.3,3.5,0.8,0.1,,
LCTX,"Lineage Cell Therapeutics, Inc.",AMEX,0.96,0.91,5.01,2.09,-54.3,2.4,Health Technology,Biotechnology,United States,0.87,,-46.6,-26.5,-13.9,,是
DYNC,Dynamix Corporation,NASDAQ,10.9,10.24,6.45,10.98,-0.8,2.4,Finance,Financial Conglomerates,United States,0.13,,4.6,1.0,0.2,,是
SSAC,SPACSphere Acquisition Corp.,NASDAQ,10.13,9.85,2.84,10.14,-0.1,2.4,Finance,Financial Conglomerates,United States,0.08,194.8,2.6,1.5,0.5,,
TG,Tredegar Corporation,NYSE,6.88,6.25,10.08,10.53,-34.7,2.4,Non-Energy Minerals,Aluminum,United States,-2.27,7.3,-13.8,-12.6,-11.1,,
ALIT,"Alight, Inc.",NYSE,8.92,8.81,1.25,67.7,-86.8,2.4,Technology Services,Information Technology Services,United States,-3.36,,-86.4,-32.2,-37.3,,是
LYEL,"Lyell Immunopharma, Inc.",NASDAQ,9.79,9.43,3.87,45,-78.2,2.4,Health Technology,Biotechnology,United States,1.66,,-34.7,-25.0,-32.5,,是
TDWD,Tailwind 2.0 Acquisition Corp.,NASDAQ,10.14,9.83,3.15,10.15,-0.1,2.4,Finance,Financial Conglomerates,United States,0.1,72.7,2.7,0.8,0.4,,
ONIT,Onity Group Inc.,NYSE,28.33,28.1,0.82,54.1,-47.6,2.4,Finance,Finance/Rental/Leasing,United States,-5.09,1.8,-29.6,-29.7,-20.0,,
AACP,Apogee Acquisition Corp,NASDAQ,10.08,9.93,1.51,10.1,-0.2,2.4,Finance,Financial Conglomerates,United States,0.1,,1.3,0.8,0.2,,
TWLV,Twelve Seas Investment Company III,NASDAQ,10.07,9.84,2.39,10.38,-2.9,2.4,Finance,Financial Conglomerates,United States,0.05,81.7,2.1,0.9,0.0,,
LTBR,Lightbridge Corporation,NASDAQ,6.29,6.22,1.13,31.34,-79.9,2.4,Process Industries,Chemicals: Specialty,United States,-0.16,,-72.0,-30.2,-18.4,,是
PALI,"Palisade Bio, Inc.",NASDAQ,1.35,1.32,2.27,2.85,-52.7,2.4,Health Technology,Pharmaceuticals: Major,United States,-6.9,,51.7,-32.8,-33.2,,是
LATA,Galata Acquisition Corp. II,NASDAQ,10.2,9.91,2.93,10.21,-0.1,2.3,Finance,Financial Conglomerates,United States,0,54.1,1.8,0.9,0.2,,
AENT,Alliance Entertainment Holding Corporation,NASDAQ,4.6,4.36,5.5,8.8,-47.7,2.3,Distribution Services,Electronics Distributors,United States,-1.29,18.0,-34.0,-20.5,-16.8,,
HLXC,Helix Acquisition Corp. III,NASDAQ,10.62,10.11,5.04,11.23,-5.4,2.3,Finance,Financial Conglomerates,United States,-1.12,,3.9,1.1,-3.0,,
DYOR,Insight Digital Partners II,NASDAQ,10.15,9.87,2.84,10.47,-3.1,2.3,Finance,Financial Conglomerates,United States,0.1,65.8,2.0,1.0,0.3,,
SUMA,SUMA Acquisition Corporation,NASDAQ,9.95,9.83,1.22,9.97,-0.2,2.3,Finance,Financial Conglomerates,Canada,-0.2,,0.5,0.7,0.4,,
BGS,"B&G Foods, Inc.",NYSE,2.87,2.83,1.41,6.38,-55.0,2.3,Consumer Non-Durables,Food: Major Diversified,United States,-6.51,,-34.0,-30.2,-18.2,,是
BIII,Black Spade Acquisition III Co,NYSE,10.06,9.83,2.34,10.24,-1.8,2.3,Finance,Financial Conglomerates,Hong Kong,0.05,125.1,0.8,0.9,-0.1,,
NAGE,"Niagen Bioscience, Inc.",NASDAQ,2.92,2.87,1.74,8.07,-63.8,2.3,Health Technology,Pharmaceuticals: Other,United States,-1.02,15.5,-70.4,-12.8,-10.7,,
LTGR,Long Table Growth Corp.,NASDAQ,9.99,9.88,1.11,9.99,0.0,2.3,Finance,Financial Conglomerates,United States,0,,0.5,0.5,0.4,,
IRAB,Iris Acquisition Corp II,NYSE,10.02,9.81,2.12,10.15,-1.3,2.3,Finance,Financial Conglomerates,United Arab Emirates,-0.99,430.0,1.5,0.8,-0.5,,
CRAC,Crown Reserve Acquisition Corp. I,NASDAQ,10.25,9.89,3.64,10.25,0.0,2.3,Finance,Financial Conglomerates,Cayman Islands,0,83.1,3.5,1.4,0.7,,
TVIV,Texas Ventures Acquisition IV Corp,NASDAQ,9.95,9.85,1.02,9.97,-0.2,2.3,Finance,Financial Conglomerates,United States,0.1,,0.3,0.3,0.1,,
MRCO,Mercator Acquisition Corp.,NASDAQ,9.87,9.83,0.41,9.93,-0.6,2.3,Finance,Financial Conglomerates,United States,0.1,,0.4,0.4,-0.1,,
NATR,"Nature's Sunshine Products, Inc.",NASDAQ,12.69,12.53,1.28,28.14,-54.9,2.2,Health Technology,Pharmaceuticals: Other,United States,-0.55,12.6,-16.6,-42.5,-10.6,,
ONCH,1RT Acquisition Corp.,NASDAQ,10.33,10.13,1.97,10.5,-1.6,2.2,Finance,Financial Conglomerates,United States,0,38.7,-0.4,0.2,0.3,,
PLAY,"Dave & Buster's Entertainment, Inc.",NASDAQ,6.38,6.37,0.16,22.1,-71.1,2.2,Consumer Services,Movies/Entertainment,United States,-1.69,,-66.1,-44.6,-32.1,,是
RGCO,RGC Resources Inc.,NASDAQ,21.27,20.55,3.5,27.98,-24.0,2.2,Utilities,Gas Distributors,United States,-1.21,15.8,-4.4,-12.7,-1.6,,
RAIL,"Freightcar America, Inc.",NASDAQ,6.75,6.57,2.74,14.9,-54.7,2.2,Producer Manufacturing,Trucks/Construction/Farm Machinery,United States,-2.03,,-29.2,-29.5,-5.3,,是
DGAC,Disciplined Growth Acquisition Corporation,NYSE,10.01,9.85,1.62,10.02,-0.1,2.2,Finance,Finance/Rental/Leasing,United States,0.1,,1.1,1.1,0.2,,
NUS,"Nu Skin Enterprises, Inc.",NYSE,4.53,4.49,0.89,12.04,-62.4,2.2,Consumer Non-Durables,Household/Personal Care,United States,-1.31,,-62.3,-14.7,-6.6,,是
KLC,"KinderCare Learning Companies, Inc.",NYSE,1.86,1.75,6.29,7.1,-73.8,2.2,Consumer Services,Other Consumer Services,United States,-4.12,,-72.8,-62.0,-29.5,,是
SPOK,"Spok Holdings, Inc.",NASDAQ,10.49,9.95,5.43,16.63,-36.9,2.2,Communications,Wireless Telecommunications,United States,0.77,18.1,-39.4,-1.2,-1.5,,
SZZL,Sizzle Acquisition Corp. II,NASDAQ,10.49,10.07,4.17,10.5,-0.1,2.2,Finance,Financial Conglomerates,United States,0.1,41.7,4.1,1.2,0.4,,
ASUR,Asure Software Inc,NASDAQ,7.57,6.8,11.32,10.2,-25.8,2.2,Technology Services,Packaged Software,United States,-1.05,,-7.7,-6.4,-16.5,,是
PTAC,Patriot Acquisition Corp.,NASDAQ,9.96,9.74,2.26,10.1,-1.4,2.2,Finance,Financial Conglomerates,United States,-0.6,,-0.1,-0.1,-0.3,,
LIEN,"Chicago Atlantic BDC, Inc.",NASDAQ,9.54,8.92,6.95,11.27,-15.4,2.2,Finance,Financial Conglomerates,United States,-0.73,6.9,-12.6,-5.4,-6.9,,
MBI,MBIA Inc.,NYSE,4.26,4.26,0.0,7.87,-45.8,2.2,Finance,Specialty Insurance,United States,-0.7,,-43.5,-38.3,-11.1,,是
NWCL,newcleo plc,NASDAQ,7.85,7.09,10.72,11.6,-32.3,2.2,Producer Manufacturing,Industrial Machinery,United Kingdom,9.33,,-22.9,-28.4,-26.1,,是
HDSN,"Hudson Technologies, Inc.",NASDAQ,5.15,4.64,10.99,9.75,-47.2,2.2,Distribution Services,Wholesale Distributors,United States,0,26.0,-47.0,-10.0,-4.5,,
CCAQ,Collective Acquisition Corp.,NASDAQ,10.69,10.12,5.63,10.7,-0.1,2.2,Finance,Financial Conglomerates,United States,-0.09,58.3,5.6,2.5,2.0,,
GSHR,Gesher Acquisition Corp. II,NASDAQ,10.57,9.51,11.18,11.2,-5.6,2.2,Finance,Financial Conglomerates,United States,0.09,54.5,4.1,1.2,0.5,,
LMNR,Limoneira Co,NASDAQ,11.9,11.66,2.01,15.43,-22.9,2.2,Process Industries,Agricultural Commodities/Milling,United States,-1.82,,-21.6,-11.9,-13.6,,是
PNNT,PennantPark Investment Corporation,NYSE,3.3,3.19,3.45,6.67,-50.5,2.2,Miscellaneous,Investment Trusts/Mutual Funds,United States,-1.2,21.3,-50.8,-6.3,-10.6,,
AESP,Aeon Acquisition I Corp.,NASDAQ,9.99,9.85,1.42,9.99,-0.0,2.1,Finance,Financial Conglomerates,United States,0.2,1469.1,1.1,1.3,-0.0,,
EGHA,EGH Acquisition Corp.,NASDAQ,10.42,9.31,11.87,10.79,-3.5,2.1,Finance,Financial Conglomerates,United States,0.19,57.3,4.1,1.2,0.2,,
ACRE,Ares Commercial Real Estate Corporation,NYSE,3.84,3.83,0.26,5.89,-34.8,2.1,Finance,Real Estate Investment Trusts,United States,-6.57,,-15.6,-15.4,-17.1,,是
FHTX,Foghorn Therapeutics Inc.,NASDAQ,3.57,3.27,9.17,7.61,-53.1,2.1,Health Technology,Biotechnology,United States,1.42,,-28.2,-28.9,-40.1,,是
HAVA,Harvard Ave Acquisition Corporation,NASDAQ,10.24,9.87,3.75,10.24,0.0,2.1,Finance,Financial Conglomerates,South Korea,0,102400,2.9,1.4,0.3,,
IDAC,Iron Dome Acquisition I Corp.,NASDAQ,9.99,9.9,0.91,10.05,-0.6,2.1,Finance,Financial Conglomerates,United States,-0.1,356.8,0.4,0.4,-0.1,,
SCM,Stellus Capital Investment Corporation,NYSE,7.42,6.83,8.64,13.55,-45.2,2.1,Miscellaneous,Investment Trusts/Mutual Funds,United States,-2.37,7.2,-43.0,-13.3,-13.7,,
NCMI,"National CineMedia, Inc.",NASDAQ,2.24,2.11,6.16,4.56,-50.9,2.1,Commercial Services,Advertising/Marketing Services,United States,-2.61,,-50.8,-40.9,-13.8,,是
PALO,Paloma Acquisition Corp I,NASDAQ,9.97,9.84,1.32,10.08,-1.1,2.1,Finance,Financial Conglomerates,United States,-0.5,,0.5,0.8,-0.2,,
POLE,Andretti Acquisition Corp. II,NASDAQ,10.74,10.48,2.48,12,-10.5,2.1,Finance,Financial Conglomerates,United States,0,41.4,2.7,-0.3,-0.6,,
BETR,Better Home & Finance Holding Company,NASDAQ,11,9.81,12.13,92.69,-88.1,2.1,Finance,Finance/Rental/Leasing,United States,7.53,,-81.4,-64.5,-24.5,,是
TDAC,Translational Development Acquisition Corp.,NASDAQ,10.83,10.34,4.74,10.95,-1.1,2.1,Finance,Financial Conglomerates,United States,-0.37,42.7,4.6,1.2,-0.2,,
WLII,Willow Lane Acquisition Corp. II,NASDAQ,10.29,9.86,4.36,10.49,-2.0,2.1,Finance,Financial Conglomerates,United States,0.39,,1.4,1.0,0.6,,
THEO,BOA Acquisition Corp. II,NASDAQ,9.9,9.83,0.71,10.03,-1.3,2.1,Finance,Financial Conglomerates,United States,0.1,,0.6,0.6,0.3,,是
ZUMZ,Zumiez Inc.,NASDAQ,13.4,13.07,2.52,31.7,-57.7,2.1,Retail Trade,Apparel/Footwear Retail,United States,-2.76,18.6,-32.4,-22.5,-26.0,,
XTER,Karman Line Acquisition Corp.,NASDAQ,9.78,9.78,0.0,9.9,-1.2,2.0,Finance,Financial Conglomerates,United States,-0.1,,-1.2,-1.2,-0.5,,
FJDI,ARC Group Securities Acquisition I,NASDAQ,9.87,9.84,0.3,9.9,-0.3,2.0,Finance,Financial Conglomerates,United States,0.1,,-0.1,-0.1,-0.1,,
RXST,"RxSight, Inc.",NASDAQ,4.9,4.48,9.37,13.22,-62.9,2.0,Electronic Technology,Electronic Components,United States,2.73,,-47.1,-4.7,-30.5,,是
NSLR,Neostellar Capital Corp.,NASDAQ,7.69,7.6,1.18,14.98,-48.7,2.0,Miscellaneous,Investment Trusts/Mutual Funds,United States,-0.9,2.0,-13.8,-36.4,-24.5,,
GDEV,GDEV Inc.,NASDAQ,11.11,10.0,11.1,42.2,-73.7,2.0,Technology Services,Packaged Software,Cyprus,2.3,2.7,-60.7,-11.1,-3.5,,
KTWO,K2 Capital Acquisition Corporation,NASDAQ,10.07,9.84,2.39,10.1,-0.2,2.0,Finance,Financial Conglomerates,United States,-0.05,140.5,2.0,1.3,-0.1,,
REA,"Rare Earths Americas, Inc.",AMEX,10.09,8.95,12.74,30.02,-66.4,2.0,Non-Energy Minerals,Other Metals/Minerals,United States,0.5,,-59.6,-36.3,-27.8,,
BEBE,TGE Value Creative Solutions Corp,NYSE,10.04,9.81,2.34,10.05,-0.1,2.0,Finance,Financial Conglomerates,France,0,70.7,1.1,0.4,0.5,,
FIGX,FIGX Capital Acquisition Corp.,NASDAQ,10.32,9.98,3.41,10.38,-0.6,2.0,Finance,Financial Conglomerates,United States,-0.1,38.1,3.3,0.5,0,,
LDI,"loanDepot, Inc.",NYSE,0.59,0.58,1.13,3.8,-84.5,2.0,Finance,Finance/Rental/Leasing,United States,-2.51,,-81.5,-53.8,-37.8,,是
ETSS,Energy Transition Special Opportunities,NYSE,9.96,9.77,1.94,10,-0.4,2.0,Finance,Finance/Rental/Leasing,United States,0.3,498.0,1.9,0.4,0.1,,
BREZ,Breeze Acquisition Corp. II,NASDAQ,10.02,9.9,1.21,10.07,-0.5,2.0,Finance,Financial Conglomerates,United States,0,,1.2,0.9,0.2,,
APMC,AmperCap Acquisition Company,NASDAQ,9.96,9.88,0.81,10,-0.4,2.0,Finance,Financial Conglomerates,United States,0,,0.5,0.4,-0.1,,
MPAA,"Motorcar Parts of America, Inc.",NASDAQ,10.49,9.29,12.92,18.12,-42.1,2.0,Producer Manufacturing,Auto Parts: OEM,United States,-0.57,,-35.8,-30.7,-9.0,,是
AIIA,AI Infrastructure Acquisition Corp.,NYSE,10.27,9.85,4.26,10.34,-0.7,2.0,Finance,Financial Conglomerates,United States,0,60.8,4.2,0.2,1.2,,
TPVG,TriplePoint Venture Growth BDC Corp.,NYSE,4.86,4.39,10.58,6.95,-30.1,2.0,Miscellaneous,Investment Trusts/Mutual Funds,United States,-0.61,4.9,-16.1,-4.1,-10,,
LFAC,Leapfrog Acquisition Corporation,NASDAQ,10.07,9.54,5.61,10.09,-0.2,2.0,Finance,Financial Conglomerates,United States,-0.2,81.5,1.2,0.7,0.1,,
CXDO,"Crexendo, Inc.",NASDAQ,5.88,5.54,6.12,11.23,-47.6,2.0,Technology Services,Internet Software/Services,United States,0.17,44.1,-12.2,-26.8,-6.1,,
RC,Ready Capital Corporation,NYSE,1.16,1.16,0.0,3.83,-69.7,1.9,Finance,Real Estate Investment Trusts,United States,-6.45,,-71,-34.8,-35.9,,是
BID,Tribeca Strategic Acquisition Corp.,NASDAQ,9.91,9.82,0.87,10.02,-1.0,1.9,Finance,Financial Conglomerates,United States,-0.15,,0.1,0.1,0.1,,
NSAI,NorthStrive Acquisition Corp I.,NASDAQ,9.89,9.82,0.71,9.89,0.0,1.9,Finance,Financial Conglomerates,United States,0.15,,0.3,0.3,0.3,,
MRLN,"Merlin, Inc.",NASDAQ,1.88,1.7,10.59,17,-88.9,1.9,Technology Services,Packaged Software,United States,5.62,,-81.9,-66.8,-42.0,,是
COPL,Copley Acquisition Corp,NYSE,10.58,10.11,4.65,10.69,-1.0,1.9,Finance,Financial Conglomerates,Hong Kong,0.09,323.5,4.6,1.3,0.6,,
CRNT,Ceragon Networks Ltd.,NASDAQ,2.07,1.85,11.89,3.29,-37.1,1.9,Electronic Technology,Telecommunications Equipment,Israel,1.97,,-11.9,-19.1,-0.5,,是
CMPX,"Compass Therapeutics, Inc.",NASDAQ,1.04,1.02,1.96,6.88,-84.9,1.9,Health Technology,Pharmaceuticals: Major,United States,-5.45,,-72.5,-52.7,-56.7,,是
AVXL,Anavex Life Sciences Corp.,NASDAQ,2.02,1.89,6.88,10.38,-80.5,1.9,Health Technology,Biotechnology,United States,-14.41,,-76.8,-22.3,-31.5,,是
CHRS,"Coherus Oncology, Inc.",NASDAQ,1.21,1.09,11.01,2.62,-53.7,1.9,Health Technology,Pharmaceuticals: Major,United States,2.54,,-28.8,-16.0,-12.9,,是
OSG,"Octave Specialty Group, Inc.",NYSE,4.14,3.88,6.7,10.38,-60.1,1.9,Finance,Specialty Insurance,United States,0.98,,-54.9,-35.5,-10,,是
TOYO,"TOYO Co., Ltd",NASDAQ,4.35,4.12,5.58,17.43,-75.0,1.9,Electronic Technology,Semiconductors,Japan,2.11,,-24.6,-36.5,-4.0,,
VRXA,Veraxa Biotech AG,NASDAQ,1.25,1.18,6.38,27.36,-95.4,1.8,Health Technology,Biotechnology,Switzerland,-4.58,5.8,-88.0,-29.2,-10.1,,
IGAC,Invest Green Acquisition Corporation,NASDAQ,10.12,9.82,3.0,10.14,-0.2,1.8,Finance,Financial Conglomerates,United States,0.05,105.3,1.7,1.2,0.6,,
MITT,"TPG Mortgage Investment Trust, Inc.",NYSE,5.73,5.72,0.17,9.27,-38.2,1.8,Finance,Real Estate Investment Trusts,United States,-4.02,7.8,-22.5,-26.7,-14.0,,
NEN,New England Realty Associates Limited Partnership,AMEX,52,50,4.0,73.5,-29.3,1.8,Finance,Real Estate Development,United States,4,,-28.0,-8.8,-6.3,,是
TARA,"Protara Therapeutics, Inc.",NASDAQ,3.05,2.98,2.35,7.82,-61.0,1.8,Health Technology,Pharmaceuticals: Major,United States,-4.98,,-31.8,-24.5,-19.5,,是
ARCL,ARC Group Acquisition I Corp,NASDAQ,10.02,9.85,1.73,10.03,-0.0,1.8,Finance,Financial Conglomerates,United States,0.3,313.1,0.6,1.3,0.5,,
PAAC,Proem Acquisition Corp I,NASDAQ,10.07,9.83,2.44,10.15,-0.8,1.8,Finance,Financial Conglomerates,United States,0.1,130.1,1.5,1.1,0.9,,
GPAT,GP-Act III Acquisition Corp.,NASDAQ,11.01,10.57,4.16,12,-8.3,1.8,Finance,Financial Conglomerates,United States,0,46.2,3.9,-1.4,0.7,,
MDWD,MediWound Ltd.,NASDAQ,13.77,12.52,9.98,20.03,-31.3,1.8,Health Technology,Pharmaceuticals: Major,Israel,-0.22,,-23.0,-7.6,8.7,,是
BLRK,Bluerock Acquisition Corp.,NASDAQ,10.12,9.87,2.53,10.68,-5.2,1.8,Finance,Financial Conglomerates,United States,0.1,85.7,1.7,1.3,0.4,,
CHEC,Chenghe Acquisition III Co.,NASDAQ,10.28,9.91,3.73,10.56,-2.7,1.8,Finance,Financial Conglomerates,Singapore,-0.19,81.2,3.4,1.0,0.3,,
BWIV,Blue Water Acquisition Corp. IV,NYSE,9.98,9.85,1.32,10,-0.2,1.8,Finance,Financial Conglomerates,United States,0.1,272.7,1.3,0.8,0.3,,
ANNA,"AleAnna, Inc.",NASDAQ,2.63,2.31,14.07,10.64,-75.2,1.8,Energy Minerals,Oil & Gas Production,United States,1.35,13.6,-36.2,-7.5,-6.6,,
CMTG,"Claros Mortgage Trust, Inc.",NYSE,1.25,1.25,0.4,3.62,-65.5,1.8,Finance,Real Estate Investment Trusts,United States,-3.1,,-62.1,-48.3,-23.8,,是
LODE,Comstock Inc.,AMEX,2.32,2.23,4.04,4.98,-53.4,1.8,Process Industries,Chemicals: Specialty,United States,-1.28,,-33.3,-42.7,-30.7,,是
ORGO,Organogenesis Holdings Inc.,NASDAQ,1.37,1.34,2.24,7.08,-80.6,1.8,Health Technology,Medical Specialties,United States,-1.08,,-67.8,-43.9,-21.3,,是
CIA,"Citizens, Inc.",NYSE,3.45,3.39,1.77,6.54,-47.2,1.7,Finance,Life/Health Insurance,United States,-4.7,15.3,-34.7,-42.1,-10.9,,
XFLH,XFLH Capital Corporation,NYSE,10.05,9.7,3.61,10.22,-1.7,1.7,Finance,Financial Conglomerates,United States,-0.1,,1.6,0.5,0.3,,
RDCM,Radcom Ltd.,NASDAQ,10.31,9.4,9.68,16.74,-38.4,1.7,Technology Services,Packaged Software,Israel,1.28,24.9,-26.7,-27.9,0.9,,
SVCC,Stellar V Capital Corp.,NASDAQ,10.72,10.27,4.38,10.72,0.0,1.7,Finance,Financial Conglomerates,United States,0.09,47.2,4.0,1.6,0.6,,
AOMR,"Angel Oak Mortgage REIT, Inc.",NYSE,7.3,7.26,0.55,9.6,-24.0,1.7,Finance,Real Estate Investment Trusts,United States,-3.05,9.8,-22.2,-19.5,-11.1,,
CTAA,ClearThink 1 Acquisition Corp.,NASDAQ,9.95,9.82,1.32,10,-0.5,1.7,Finance,Financial Conglomerates,United States,-0.1,,1.3,0.4,-0.4,,
OCLT,OceanLight Acquisition Corporation,NASDAQ,9.9,9.86,0.41,9.94,-0.4,1.7,Finance,Financial Conglomerates,United States,0,,-0.4,-0.4,-0.4,,
TNXP,Tonix Pharmaceuticals Holding Corp.,NASDAQ,9.74,9.4,3.62,25.4,-61.7,1.7,Health Technology,Pharmaceuticals: Major,United States,0.93,,-60.9,-22.9,-28.8,,是
OZ,"Belpointe PREP, LLC",AMEX,41.02,40.95,0.17,69.0,-40.6,1.7,Finance,Real Estate Development,United States,-1.2,,-35.3,-9.9,-14.5,,是
NMP,NMP Acquisition Corp.,NASDAQ,10.38,9.92,4.64,10.39,-0.1,1.7,Finance,Financial Conglomerates,United States,0.1,50.6,4.6,1.2,0.4,,
VYGR,"Voyager Therapeutics, Inc.",NASDAQ,2.68,2.58,3.88,5.55,-51.7,1.7,Health Technology,Biotechnology,United States,1.52,,-43.1,-26.0,-23.6,,是
EMIS,Emmis Acquisition Corp.,NASDAQ,10.27,9.9,3.74,10.27,0.0,1.6,Finance,Finance/Rental/Leasing,United States,0.1,55.9,3.6,1.5,0.3,,
SAGU,Shreya Acquisition Group,NYSE,10.01,9.86,1.52,10.05,-0.4,1.6,Finance,Financial Conglomerates,Mauritius,0.7,,1.4,1.2,-0.2,,
QRED,QuasarEdge Acquisition Corporation,NYSE,10.05,9.87,1.82,10.06,-0.1,1.6,Finance,Financial Conglomerates,United States,0.05,,1.5,1.2,0.1,,
LKSP,Lake Superior Acquisition Corp.,NASDAQ,10.25,9.89,3.64,10.25,0.0,1.6,Finance,Financial Conglomerates,United States,0.1,70.9,3.6,1.0,0.5,,
WENC,West Enclave Merger Corp.,NYSE,10.01,9.86,1.52,10.05,-0.4,1.6,Finance,Financial Conglomerates,Mexico,0.1,,1.5,0.7,0.1,,
FLWS,"1-800-FLOWERS.COM, Inc.",NASDAQ,2.5,2.41,3.73,7.1,-64.8,1.6,Retail Trade,Internet Retail,United States,-3.85,,-48.6,-33.3,-33.0,,是
GLED,GalaxyEdge Acquisition Corporation,NYSE,10.02,9.87,1.52,10.06,-0.4,1.6,Finance,Financial Conglomerates,United States,0.1,,1.2,0.6,0.1,,
LAFA,LaFayette Acquisition Corp.,NASDAQ,10.19,9.87,3.24,10.2,-0.1,1.6,Finance,Financial Conglomerates,France,-0.1,58.4,2.9,1.1,0.4,,
SPEG,Silver Pegasus Acquisition Corp,NASDAQ,10.42,9.97,4.51,11.03,-5.5,1.6,Finance,Financial Conglomerates,United States,0.39,155.8,4.6,1.6,0.5,,
NBP,NovaBridge Biosciences,NASDAQ,1.36,1.31,3.8,6.79,-79.9,1.6,Health Technology,Pharmaceuticals: Major,United States,-0.36,,-62.1,-32.1,-24.6,,
FMAC,Future Money Acquisition Corporation,NASDAQ,10.06,9.9,1.62,10.09,-0.3,1.6,Finance,Financial Conglomerates,United States,-0.3,,1.6,0.6,-0.1,,
JRVR,"James River Group Holdings, Inc.",NASDAQ,3.43,3.37,1.78,7.2,-52.4,1.6,Finance,Multi-Line Insurance,United States,0.59,10.0,-39.3,-22.4,-17.1,,
WPAC,White Pearl Acquisition Corp.,NYSE,10.06,9.82,2.45,11.89,-15.4,1.6,Finance,Financial Conglomerates,United States,0.11,1048.0,1.6,0.5,0.2,,
OCAC,Ocean Capital Acquisition Corporation,NYSE,9.99,9.75,2.46,10.05,-0.6,1.6,Finance,Financial Conglomerates,United States,0,,0.9,0.9,0.3,,是
SSTK,"Shutterstock, Inc.",NYSE,4.22,3.88,8.76,29.5,-85.7,1.6,Technology Services,Internet Software/Services,United States,4.98,,-79.8,-57.2,-27.6,,是
SEVN,Seven Hills Realty Trust,NASDAQ,6.88,6.88,0.0,10.91,-36.9,1.6,Finance,Real Estate Investment Trusts,United States,-4.71,10.4,-33.5,-19.4,-8.9,,
TONT,Graf Global Corp.,AMEX,10.93,10.54,3.7,11.95,-8.5,1.5,Finance,Financial Conglomerates,United States,0.18,61.2,2.9,1.2,0.6,,
FINW,FinWise Bancorp,NASDAQ,11.14,10.79,3.24,20.39,-45.4,1.5,Finance,Regional Banks,United States,-1.07,11.5,-44.8,-26.0,-21.8,,
INAC,Indigo Acquisition Corp.,NASDAQ,10.38,9.96,4.22,10.4,-0.2,1.5,Finance,Financial Conglomerates,United States,0.48,40.1,4.1,1.4,0.9,,
LUCD,Lucid Diagnostics Inc.,NASDAQ,0.75,0.74,1.49,1.63,-53.9,1.5,Health Technology,Medical Specialties,United States,-7.17,,-27.4,-27.8,-24.1,,是
KLXE,"KLX Energy Services Holdings, Inc.",NASDAQ,1.45,1.32,9.85,4.5,-67.8,1.5,Energy Minerals,Oil & Gas Production,United States,0,,-24.1,-42.5,-5.2,,是
YCY,AA Mission Acquisition Corp. II,NYSE,10.3,9.9,4.04,10.3,0.0,1.5,Finance,Financial Conglomerates,United States,0.68,65.4,4.0,1.1,0.6,,
CEPS,"Cantor Equity Partners VI, Inc.",NASDAQ,10.3,10.05,2.49,10.45,-1.4,1.5,Finance,Financial Conglomerates,United States,0,121.9,1.7,-0.7,-0.9,,
BYND,"Beyond Meat, Inc.",NASDAQ,8.26,8.07,2.35,230.7,-96.4,1.5,Consumer Non-Durables,Food: Major Diversified,United States,0.36,,-84.8,-63.6,-40.2,,
NIU,Niu Technologies,NASDAQ,1.86,1.79,3.91,5.67,-67.2,1.5,Consumer Durables,Motor Vehicles,China,-3.12,,-60.4,-8.8,-7.0,,是
ACR,ACRES Commercial Realty Corp.,NYSE,11.06,9.91,11.55,24.61,-55.1,1.5,Finance,Real Estate Investment Trusts,United States,9.5,,-47.3,-39.3,-20.8,,
DVLT,Datavault AI Inc.,NASDAQ,0.16,0.14,8.95,4.1,-96.2,1.5,Electronic Technology,Electronic Production Equipment,United States,1.63,,-86.6,-62.0,-42.3,,是
APUR,Aperture AC,NASDAQ,10.04,9.88,1.62,10.04,0.0,1.5,Finance,Financial Conglomerates,United States,0.1,,1.3,1.2,0.3,,是
ALPX,Alpex Acquisition Corporation,NASDAQ,9.96,9.81,1.52,10,-0.4,1.5,Finance,Financial Conglomerates,United States,0.1,,-0.4,-0.4,0.2,,
TRAD,APEX Tech Acquisition Inc.,NYSE,10.06,9.85,2.13,10.08,-0.2,1.5,Finance,Financial Conglomerates,United States,-0.2,,2.1,0.9,0.1,,
NLOP,Net Lease Office Properties,NYSE,9.87,9.81,0.56,30.26,-67.4,1.5,Finance,Real Estate Investment Trusts,United States,-1.1,,-66.1,-13.9,-13.9,,是
NCO,Southern Cross Acquisition I Corp.,NASDAQ,9.92,9.84,0.81,9.93,-0.1,1.5,Finance,Financial Conglomerates,United States,0,,0.8,0.8,0.5,,
MYX,Maywood Acquisition Corp. 2,NASDAQ,10.02,9.86,1.62,10.05,-0.3,1.5,Finance,Financial Conglomerates,United States,-0.2,191.6,1.4,1.2,0.6,,
SCE/PG,SCE Trust II Trust Preferred Securities,NYSE,16.46,16.16,1.85,19.75,-16.7,1.4,Finance,Finance/Rental/Leasing,United States,0.43,,-5.7,-2.7,-0.3,,
HUMA,"Humacyte, Inc.",NASDAQ,0.52,0.51,1.43,2.55,-79.7,1.4,Health Technology,Biotechnology,United States,-2.82,,-70.0,-26.1,-20.4,,是
EPM,"Evolution Petroleum Corporation, Inc.",AMEX,3.54,3.19,10.97,5.03,-29.6,1.4,Energy Minerals,Oil & Gas Production,United States,1.43,,-27.8,-3.5,-4.8,,是
PLUN,Plutonian Acquisition Corp II,NYSE,10.08,9.95,1.31,10.1,-0.2,1.4,Finance,Financial Conglomerates,United States,0,,0.9,0.9,0.3,,
RNA,"Atrium Therapeutics, Inc.",NASDAQ,8.28,8.05,2.86,16.77,-50.6,1.4,Health Technology,Biotechnology,United States,-1.66,,-43.2,-38.2,-38.8,,
BHAV,BHAV Acquisition Corp,NASDAQ,10.02,9.85,1.7,10.05,-0.3,1.4,Finance,Financial Conglomerates,United States,-0.03,,1.5,0.8,-0.3,,
INGN,"Inogen, Inc",NASDAQ,5.27,5.04,4.46,9.13,-42.3,1.4,Health Technology,Medical Specialties,United States,-1.86,,-34.9,-20.5,-3.5,,是
LFMD,"LifeMD, Inc.",NASDAQ,2.9,2.56,13.28,7.32,-60.4,1.4,Health Services,Medical/Nursing Services,United States,0.69,,-56.0,-36.3,-9.4,,是
RFAM,RF Acquisition Corp III,NASDAQ,9.99,9.77,2.25,10.02,-0.2,1.4,Finance,Financial Conglomerates,Singapore,-0.0,,1.6,0.9,0.2,,
UAC,United Acquisition Corp. I,AMEX,10,9.51,5.21,10,0.0,1.4,Finance,Financial Conglomerates,United States,0,,0.9,0.6,0.5,,
DOUG,Douglas Elliman Inc.,NYSE,1.52,1.47,3.4,3.03,-49.8,1.4,Finance,Real Estate Development,United States,0,9.2,-48.5,-18.3,-15.6,,
SCPQ,Social Commerce Partners Corporation,NASDAQ,10.1,9.85,2.49,10.1,0.0,1.4,Finance,Financial Conglomerates,United States,0.45,183.9,1.0,1.1,0.6,,
DOYU,DouYu International Holdings Limited,NASDAQ,4.59,4.18,9.81,7.59,-39.5,1.4,Commercial Services,Miscellaneous Commercial Services,China,0.66,,-38.8,-0.4,7.1,,是
FTHA,Forefront Tech Holdings Acquisition Corp,NASDAQ,9.98,9.85,1.32,9.99,-0.1,1.4,Finance,Financial Conglomerates,Cayman Islands,0.09,,0.1,0.8,0.1,,
CRBU,"Caribou Biosciences, Inc.",NASDAQ,1.27,1.22,4.1,3.54,-64.1,1.4,Health Technology,Biotechnology,United States,2.42,,-45.0,-28.2,-21.1,,是
TNYA,"Tenaya Therapeutics, Inc.",NASDAQ,0.6,0.53,13.54,2.35,-74.3,1.4,Health Technology,Pharmaceuticals: Major,United States,1.77,,-61.8,-18.5,-12.5,,是
KRMD,"KORU Medical Systems, Inc.",NASDAQ,2.93,2.9,1.03,6.61,-55.7,1.4,Health Technology,Medical Specialties,United States,-2.5,,-23.5,-33.3,-8.4,,是
OTAI,Starlink AI Acquisition Corporation,NYSE,10.01,9.9,1.09,10.73,-6.7,1.4,Finance,Financial Conglomerates,United States,-0.11,,0.8,0.9,0.1,,
HOST,Host Digital Inc.,AMEX,4.75,4.39,8.08,27.04,-82.4,1.3,Retail Trade,Food Retail,United States,-1.04,,-80.0,-31.8,-41.8,,
LANV,Lanvin Group Holdings Limited,NYSE,1.05,0.95,11.04,2.31,-54.3,1.3,Consumer Non-Durables,Apparel/Footwear,China,2.43,,-49.0,-22.4,4.5,,是
CRBP,"Corbus Pharmaceuticals Holdings, Inc.",NASDAQ,6.82,6.33,7.83,20.56,-66.8,1.3,Health Technology,Pharmaceuticals: Major,United States,2.87,,-44.4,-25.4,-37.2,,是
ALF,Centurion Acquisition Corp.,NASDAQ,10.82,10.54,2.66,10.99,-1.5,1.3,Finance,Financial Conglomerates,United States,-0.92,41.3,2.6,-0.6,-0.6,,
EWAV,East West Ave Acquisition Corp.,NASDAQ,9.91,9.81,1.02,9.91,0.0,1.3,Finance,Financial Conglomerates,United States,0,,0.7,0.7,0.4,,
VECA,Vernal Capital Acquisition Corp.,NYSE,10.05,9.87,1.82,11.01,-8.7,1.3,Finance,Financial Conglomerates,Singapore,0.3,,1.5,1.4,0.3,,
FWAC,Futurewave Acquisition Corporation,NASDAQ,9.95,9.87,0.81,9.95,0.0,1.3,Finance,Financial Conglomerates,United States,0,,0.8,0.8,0.4,,
LX,LexinFintech Holdings Ltd.,NASDAQ,0.72,0.71,1.91,5.94,-87.9,1.2,Finance,Finance/Rental/Leasing,China,-1.65,0.9,-86.7,-64.5,-28.7,,
STXS,"Stereotaxis, Inc.",AMEX,1.23,1.22,0.82,3.59,-65.7,1.2,Health Technology,Medical Specialties,United States,-1.6,,-60.8,-30.9,-17.4,,是
PLBY,"Playboy, Inc.",NASDAQ,1.02,1.01,1.49,2.75,-62.7,1.2,Retail Trade,Specialty Stores,United States,-0.49,427.1,-32.1,-18.7,-14.6,,
ZENA,"ZenaTech, Inc.",NASDAQ,1.31,1.15,13.91,7.11,-81.6,1.2,Technology Services,Information Technology Services,Canada,-10.88,,-72.7,-9.7,-26.0,,是
SMID,Smith-Midland Corporation,NASDAQ,22.8,22.25,2.47,42.15,-45.9,1.2,Non-Energy Minerals,Construction Materials,United States,-2.98,15.7,-35.4,-26.3,-9.8,,
LENZ,"LENZ Therapeutics, Inc.",NASDAQ,3.84,3.6,6.82,50.4,-92.4,1.2,Health Technology,Pharmaceuticals: Major,United States,-0.52,,-91.6,-33.7,-24.1,,是
CHAR,Charlton Aria Acquisition Corporation,NASDAQ,10.97,10.35,5.99,11.47,-4.4,1.2,Finance,Financial Conglomerates,United States,0,43.9,5.9,1.8,0.1,,
PLCI,Pelican Acquisition II Corporation,NASDAQ,9.89,9.85,0.41,10.44,-5.3,1.2,Finance,Financial Conglomerates,United States,0.0,,0.3,0.3,-1.5,,
QUMS,Quantumsphere Acquisition Corp.,NASDAQ,10.35,9.92,4.33,10.35,0.0,1.2,Finance,Financial Conglomerates,United States,0.1,75.3,3.6,1.3,0.2,,
BRKH,Burtech Acquisition Corp II,NASDAQ,10.03,9.8,2.35,11.04,-9.1,1.2,Finance,Financial Conglomerates,United States,0.15,,0.3,0.3,-1.7,,
UP,Wheels Up Experience Inc.,NYSE,3.22,3.14,2.55,43,-92.5,1.2,Transportation,Airlines,United States,-5.85,,-91.2,-64.9,-30.0,,是
FOA,Finance of America Companies Inc.,NYSE,12.64,12.61,0.24,29.79,-57.6,1.2,Finance,Finance/Rental/Leasing,United States,-2.92,,-44.5,-54.8,-28.9,,是
WTF,Waton Financial Limited,NASDAQ,2.4,2.24,7.18,6.35,-62.2,1.2,Finance,Investment Banks/Brokers,Hong Kong,-7.3,,-61.5,-13.9,-12.1,,是
BSBK,Bogota Financial Corp.,NASDAQ,9.05,8.1,11.73,9.55,-5.2,1.2,Finance,Savings Banks,United States,0,44.0,3.3,0.4,-0.8,,
RNAQ,Rainier Acquisition Corporation,NASDAQ,10.03,10,0.3,10.5,-4.5,1.1,Finance,Financial Conglomerates,United States,-0.2,,-4.5,-4.5,-4.5,,
PLMK,Plum Acquisition Corp. IV,NASDAQ,10.72,10.32,3.88,12,-10.7,1.1,Finance,Financial Conglomerates,United States,0,51.8,3.9,0.2,0.7,,
BHR,Braemar Hotels & Resorts Inc.,NYSE,1.67,1.64,1.83,3.19,-47.6,1.1,Finance,Real Estate Investment Trusts,United States,0.6,,-38.8,-23.0,-18.5,,是
SFBC,"Sound Financial Bancorp, Inc.",NASDAQ,44.65,40.68,9.76,49.21,-9.3,1.1,Finance,Regional Banks,United States,-3.79,14.3,-5.0,1.4,-4.6,,
GNLX,Genelux Corporation,NASDAQ,2.53,2.29,10.48,8.54,-70.4,1.1,Health Technology,Pharmaceuticals: Major,United States,3.27,,-42.4,-12.8,-5.2,,是
UNB,"Union Bankshares, Inc.",NASDAQ,23,20.65,11.38,26.41,-12.9,1.1,Finance,Regional Banks,United States,-0.3,8.9,-8,-7.6,-2.1,,
PNBK,Patriot National Bancorp Inc.,NASDAQ,0.92,0.86,6.67,2.0,-53.9,1.1,Finance,Regional Banks,United States,-3.25,,-28.1,-23.3,-14.8,,是
FXAC,FortuneX Acquisition Corporation,NASDAQ,10.08,9.97,1.1,10.43,-3.3,1.1,Finance,Financial Conglomerates,United States,0,,0.8,0.8,0,,
NMRA,"Neumora Therapeutics, Inc.",NASDAQ,0.6,0.59,1.02,3.65,-83.7,1.1,Health Technology,Pharmaceuticals: Major,United States,-12.01,,-66.5,-63.2,-57.4,,是
QSEA,Quartzsea Acquisition Corporation,NASDAQ,10.68,10.12,5.53,10.86,-1.6,1.1,Finance,Financial Conglomerates,United States,-0.09,72.9,5.3,2.8,0.6,,
AMAN,Amanat Acquisition Corp,NASDAQ,10.68,9.98,7.01,10.79,-1.0,1.1,Finance,Financial Conglomerates,United States,0.66,,5.2,5.1,-0.5,,
MACI,Melar Acquisition Corp. I,NASDAQ,11.09,10.5,5.62,11.38,-2.5,1.1,Finance,Financial Conglomerates,United States,0.36,60.3,5.1,1.9,0.9,,
TCX,Tucows Inc.,NASDAQ,9.45,8.46,11.7,25.17,-62.5,1.1,Technology Services,Data Processing Services,Canada,-1.97,,-50.2,-31.0,-6.6,,是
JYNT,The Joint Corp.,NASDAQ,7.4,7.39,0.14,10.67,-30.6,1.0,Health Services,Medical/Nursing Services,United States,-4.52,28.4,-24.4,-18.0,-11.7,,
CHPG,ChampionsGate Acquisition Corporation,NASDAQ,10.45,10.06,3.88,10.5,-0.5,1.0,Finance,Financial Conglomerates,United States,0,41.5,3.8,0.8,-0.3,,
NINE,"Nine Energy Service, Inc.",AMEX,7.48,7.32,2.19,13.23,-43.5,1.0,Industrial Services,Oilfield Services/Equipment,United States,-2.48,1.2,-23.7,-41.6,-30.7,,
NRDY,Nerdy Inc.,NYSE,8.16,8.07,1.12,22.35,-63.5,1.0,Technology Services,Packaged Software,United States,-4.0,,-57.5,-42.7,-19.0,,是
GHG,GreenTree Hospitality Group Ltd.,NYSE,1.01,0.99,2.02,2.31,-56.2,1.0,Consumer Services,Hotels/Resorts/Cruise lines,China,-1.94,17.1,-56.1,-12.9,-6.9,,
PLYX,"Polaryx Therapeutics, Inc.",NASDAQ,2.07,1.85,11.89,48.91,-95.8,1.0,Commercial Services,Miscellaneous Commercial Services,United States,0,,-95.4,-21.9,-1.4,,是
TLAC,Three Lions Acquisition Corp.,NASDAQ,9.84,9.83,0.1,9.93,-0.9,1.0,Finance,Financial Conglomerates,United States,-0.1,,-0.1,-0.1,-0.1,,
BGM,BGM Group Ltd.,NASDAQ,0.25,0.23,10.1,10.57,-97.6,1.0,Health Technology,Pharmaceuticals: Major,China,1.12,,-97.4,-28.8,-20.7,,是
CNXU,Conexeu Sciences Inc.,NASDAQ,3.57,3.45,3.48,18.79,-81.0,1.0,Health Technology,Biotechnology,United States,-3.77,,-73.6,-67.2,-51.2,,是
FJET,"Starfighters Space, Inc.",AMEX,1.83,1.64,11.59,31.5,-94.2,1.0,Commercial Services,Miscellaneous Commercial Services,United States,-1.08,,-81.7,-63.5,-47.0,,是
KEQU,Kewaunee Scientific Corporation,NASDAQ,34.45,32,7.66,46.57,-26.0,1.0,Health Technology,Medical Specialties,United States,1.32,12.5,-20.3,-4.1,-8.5,,
SPKL,Spark I Acquisition Corp.,NASDAQ,11.42,11.04,3.44,13.93,-18.0,1.0,Finance,Financial Conglomerates,United States,-0.95,,-2.3,-10.6,-1.6,,是
RACC,Research Alliance Corporation III,NASDAQ,10.83,9.62,12.58,33.5,-67.7,1.0,Finance,Financial Conglomerates,United States,-0.46,,6.1,-2.0,-48.1,,
PAL,"Proficient Auto Logistics, Inc.",NASDAQ,3.49,3.47,0.58,10.97,-68.2,1.0,Transportation,Trucking,United States,-3.06,,-48.9,-47.0,-30.9,,是
JTTT,JATT III Acquisition Corp,NASDAQ,11.02,10.56,4.36,11.95,-7.8,1.0,Finance,Financial Conglomerates,United States,1.29,,0.2,0.2,0.4,,
EP,Empire Petroleum Corporation,AMEX,2.28,2.08,9.62,4.58,-50.2,0.9,Energy Minerals,Oil & Gas Production,United States,6.54,,-50.4,-15.9,-29.6,,是
TAVI,Tavia Acquisition Corp.,NASDAQ,10.77,10.32,4.36,11.91,-9.6,0.9,Finance,Financial Conglomerates,United States,0.05,73.2,4.1,1.1,0.7,,
HDRN,"Hadron Energy, Inc.",NASDAQ,1.31,1.19,10.08,12.5,-89.5,0.9,Producer Manufacturing,Industrial Machinery,United States,3.15,131,-87.6,-39.4,-32.8,,
USGO,U.S. GoldMining Inc.,NASDAQ,6.66,6.55,1.68,17.98,-63.0,0.9,Non-Energy Minerals,Precious Metals,Canada,-1.19,,-47.6,-22.7,-27.6,,是
DAVA,Endava plc,NYSE,1.79,1.6,11.87,9.88,-81.9,0.9,Technology Services,Information Technology Services,United Kingdom,8.48,,-80.0,-43.4,-44.1,,是
BHM,"Bluerock Homes Trust, Inc.",AMEX,7.96,7.87,1.14,13.3,-40.2,0.9,Finance,Real Estate Investment Trusts,United States,0.89,,-33.6,-14.6,-5.2,,
ZVIA,Zevia PBC,NYSE,1.18,1.11,6.31,2.78,-57.6,0.9,Consumer Non-Durables,Beverages: Non-Alcoholic,United States,-3.28,,-56.5,-34.4,-20.5,,是
SRG,Seritage Growth Properties,NYSE,1.62,1.61,0.62,4.38,-63.0,0.9,Finance,Real Estate Development,United States,-5.81,,-61.1,-37.9,-24.3,,是
HERE,Here Group Limited,NASDAQ,1.66,1.5,10.67,8.84,-81.2,0.9,Consumer Durables,Recreational Products,China,-0.6,,-82.2,-14.9,-10.3,,是
INSE,"Inspired Entertainment, Inc.",NASDAQ,3.44,3.2,7.5,9.95,-65.4,0.9,Technology Services,Packaged Software,United States,4.56,,-62.7,-56.0,-42.0,,是
MMTX,Miluna Acquisition Corp,NASDAQ,10.21,9.88,3.29,10.21,-0.0,0.9,Finance,Financial Conglomerates,Taiwan,0.05,3189.1,3.1,0.9,0.4,,
ORIQ,Origin Investment Corp I,NASDAQ,10.41,10.01,4.0,10.45,-0.4,0.9,Finance,Financial Conglomerates,Singapore,-0.29,76.5,3.9,1.1,0.2,,
SIMA,SIM Acquisition Corp. I,NASDAQ,10.92,10.1,8.12,12.9,-15.3,0.9,Finance,Financial Conglomerates,United States,-0.09,48.0,4.0,0.6,-0.2,,
ENJ,"Entergy New Orleans, LLC First Mortgage Bonds, 5.0% Series due December 1, 2052",NYSE,18.82,18.21,3.32,22.81,-17.5,0.9,Utilities,Gas Distributors,United States,-0.11,,-12.9,-6.3,-2.5,,
JATT,JATT II Acquisition Corp,NASDAQ,11.24,10,12.45,23.76,-52.7,0.9,Finance,Financial Conglomerates,United States,-0.93,,7.1,-2.2,-6.3,,
FTLF,"FitLife Brands, Inc.",NASDAQ,9.3,8.67,7.27,20.98,-55.7,0.9,Health Technology,Pharmaceuticals: Other,United States,2.31,14.9,-53.3,-16.7,-6.1,,
SUNS,"Sunrise Realty Trust, Inc.",NASDAQ,6.43,6.43,0.0,10.45,-38.5,0.9,Finance,Real Estate Investment Trusts,United States,-8.01,6.6,-40.1,-23.1,-14.3,,
MCAH,Mountain Crest Acquisition 6 Corp.,NASDAQ,10.03,9.92,1.13,11.04,-9.1,0.9,Finance,Financial Conglomerates,United States,0.02,,0.9,1.0,0.3,,
ALIS,Calisa Acquisition Corp,NASDAQ,10.31,9.85,4.67,10.4,-0.9,0.9,Finance,Financial Conglomerates,United States,-0.1,147.9,4.1,1.4,0.8,,
CCLD,"CareCloud, Inc.",NASDAQ,2.04,2.02,0.99,3.85,-47.0,0.9,Technology Services,Packaged Software,United States,-1.92,29.3,-38.4,-10.5,-17.1,,
CIGL,Concorde International Group Ltd,NASDAQ,0.38,0.36,4.9,5.45,-93.0,0.9,Commercial Services,Miscellaneous Commercial Services,Singapore,-2.85,,-86.7,-33.6,-13.9,,
TSQ,"Townsquare Media, Inc.",NYSE,4.71,4.3,9.53,7.97,-40.9,0.9,Consumer Services,Broadcasting,United States,-0.21,,-30.3,-34.1,-18.7,,是
HYPR,"Hyperfine, Inc.",NASDAQ,0.81,0.75,7.22,2.22,-63.6,0.9,Health Technology,Medical Specialties,United States,0.37,,-45.0,-41.0,-2.8,,是
ONCY,Oncolytics Biotech Inc.,NASDAQ,0.67,0.64,4.1,1.47,-54.5,0.9,Health Technology,Biotechnology,United States,-0.93,,-52.6,-27.4,-21.7,,是
PFX,PhenixFIN Corporation,NASDAQ,44.02,38.3,14.93,56.48,-22.1,0.9,Miscellaneous,Investment Trusts/Mutual Funds,United States,-4.49,18.2,-7.1,1.7,-14.7,,
PECE,Peace Acquisition Corp,NASDAQ,10.02,9.87,1.52,10.02,0.0,0.8,Finance,Financial Conglomerates,United States,0.1,,1.2,1.0,0.3,,
BCIC,BCP Investment Corporation,NASDAQ,6.79,6.7,1.34,13.5,-49.7,0.8,Miscellaneous,Investment Trusts/Mutual Funds,United States,-0.88,,-41.2,-7.6,-12.4,,是
PCG/PA,Pacific Gas & Electric Co. 6% Preferred Stock,AMEX,20.09,19.7,1.98,23.44,-14.3,0.8,Utilities,Electric Utilities,United States,1.31,,-9.5,-8.7,-5.4,,
RPT,Rithm Property Trust Inc.,NYSE,10.71,9.8,9.29,17.94,-40.3,0.8,Finance,Real Estate Investment Trusts,United States,-0.37,,-29.4,-27.1,-16.3,,
APAC,StoneBridge Acquisition II Corporation,NASDAQ,10.27,9.87,4.04,10.27,0.0,0.8,Finance,Financial Conglomerates,United States,0.1,78.4,3.5,1.4,0.3,,
SKIN,SkinHealth Systems Inc.,NASDAQ,0.63,0.55,14.42,1.81,-65.2,0.8,Health Technology,Medical Specialties,United States,1.43,,-68.3,-12.5,-7.4,,是
WSTN,Westin Acquisition Corp,NASDAQ,10.15,9.89,2.63,10.2,-0.5,0.8,Finance,Financial Conglomerates,Singapore,-0.34,117.6,2.3,0.6,-0.5,,
LPAA,Launch One Acquisition Corp.,NASDAQ,10.83,10.44,3.74,11.67,-7.2,0.8,Finance,Financial Conglomerates,United States,0.65,42.1,2.8,-0.2,0.7,,
CPHC,Canterbury Park Holding Corporation,NASDAQ,15.6,14.39,8.41,17.4,-10.3,0.8,Consumer Services,Movies/Entertainment,United States,-0.86,661.0,-3.4,-5.0,-1.0,,
MAYS,"J. W. Mays, Inc.",NASDAQ,40.1,37.55,6.79,61.99,-35.3,0.8,Finance,Real Estate Development,United States,0.25,,5.5,2.8,-5.0,,是
MBOT,Microbot Medical Inc.,NASDAQ,1.2,1.2,0.0,3.46,-65.3,0.8,Health Technology,Biotechnology,United States,-3.61,,-61.9,-37.5,-19.5,,是
VENU,Venu Holding Corporation,AMEX,1.42,1.41,0.71,13.96,-89.8,0.8,Consumer Services,Movies/Entertainment,United States,-5.96,,-88.8,-36.0,-30.4,,是
HNNA,"Hennessy Advisors, Inc.",NASDAQ,10.03,8.9,12.7,11.02,-8.9,0.8,Finance,Investment Managers,United States,-0.69,9.7,-3.7,0.6,-1.1,,
SSEA,Starry Sea Acquisition Corp,NASDAQ,10.35,9.93,4.23,10.39,-0.4,0.8,Finance,Financial Conglomerates,United States,-0.19,90.8,3.5,0.8,0.5,,
ARBE,Arbe Robotics Ltd.,NASDAQ,0.62,0.55,12.34,2.88,-78.5,0.8,Producer Manufacturing,Electrical Products,Israel,2.04,,-62.7,-24.7,-1.9,,是
CSPI,CSP Inc.,NASDAQ,7.65,7.11,7.6,15,-49.0,0.8,Technology Services,Information Technology Services,United States,0.26,,-36.3,-6.7,-5.1,,是
YDDL,One and One Green Technologies. INC,NASDAQ,1.42,1.39,2.16,16.23,-91.3,0.8,Industrial Services,Environmental Services,Philippines,0,,-75.3,-27.6,-40.2,,
BARK,"BARK, Inc.",NYSE,8.46,8.01,5.62,20.79,-59.3,0.8,Process Industries,Agricultural Commodities/Milling,United States,2.3,,-48.1,-22.1,-22.5,,是
BYRN,"Byrna Technologies, Inc.",NASDAQ,3.27,3.17,3.16,30.62,-89.3,0.8,Electronic Technology,Aerospace & Defense,United States,-1.95,,-85.3,-52.3,-9.1,,是
ROC,Rank One Computing Corporation,NASDAQ,4,3.71,7.82,7.8,-48.7,0.8,Technology Services,Packaged Software,United States,2.3,,-33.3,-24.5,-7.8,,是
AIRTP,"Air T, Inc. - Trust Preferred Securities",NASDAQ,18.9,18.0,5.0,21,-10.0,0.8,Transportation,Air Freight/Couriers,United States,0.53,,-1.6,-3.1,1.6,,
NBRG,Newbridge Acquisition Limited,NASDAQ,10.05,9.59,4.85,10.09,-0.3,0.8,Finance,Financial Conglomerates,Hong Kong,-0.05,2452.4,1.6,0.9,0.0,,
ATLX,Atlas Lithium Corporation,NASDAQ,2.52,2.39,5.53,8.25,-69.5,0.8,Non-Energy Minerals,Other Metals/Minerals,Brazil,2.44,,-52.3,-34.5,-18.4,,是
GANX,"Gain Therapeutics, Inc.",NASDAQ,1.73,1.53,13.07,4.34,-60.1,0.8,Health Technology,Biotechnology,United States,2.98,,-4.4,-12.2,-2.3,,是
STEX,Streamex Corp.,NASDAQ,0.64,0.57,12.41,7.19,-91.1,0.7,Finance,Investment Banks/Brokers,United States,-4.83,,-88.3,-38.8,-16.7,,是
LNZA,"LanzaTech Global, Inc.",NASDAQ,5.71,5.02,13.75,44,-87.0,0.7,Industrial Services,Engineering & Construction,United States,-3.06,0.4,-79.6,-17.5,-7.5,,
ALDX,"Aldeyra Therapeutics, Inc.",NASDAQ,1.23,1.07,14.95,5.93,-79.3,0.7,Health Technology,Biotechnology,United States,-6.82,,-76.4,-49.0,-18.5,,是
IOR,"Income Opportunity Realty Investors, Inc.",AMEX,18.23,16.61,9.75,21.55,-15.4,0.7,Finance,Real Estate Investment Trusts,United States,0,19.9,1.3,-0.1,-8.8,,
NTIC,Northern Technologies International Corporation,NASDAQ,7.78,7.35,5.85,10.03,-22.4,0.7,Process Industries,Industrial Specialties,United States,-0.26,,0.8,-11.9,-2.7,,是
GECC,Great Elm Capital Corp.,NASDAQ,5.28,4.63,14.04,9.38,-43.7,0.7,Miscellaneous,Investment Trusts/Mutual Funds,United States,0.57,,-50.8,-4.0,-14.0,,是
RSSS,"Research Solutions, Inc",NASDAQ,2.16,1.92,12.5,3.79,-43.0,0.7,Commercial Services,Miscellaneous Commercial Services,United States,0.93,24.9,-44.3,-7.8,-2.5,,
RANG,Range Capital Acquisition Corp.,NASDAQ,10.86,10.35,4.93,11.66,-6.9,0.7,Finance,Financial Conglomerates,United States,0,46.6,5.5,2.3,0.6,,
JFIN,Jiayin Group Inc.,NASDAQ,1.4,1.38,1.45,11.64,-88.0,0.7,Finance,Finance/Rental/Leasing,China,0.72,2.3,-86.5,-53.9,-33.3,,
SLQT,"SelectQuote, Inc.",NYSE,0.41,0.38,6.58,2.22,-81.8,0.7,Finance,Multi-Line Insurance,United States,-5.24,,-79.9,-53.6,-20.6,,
FBIO,"Fortress Biotech, Inc.",NASDAQ,2.14,2.14,0.0,4.53,-52.8,0.7,Health Technology,Pharmaceuticals: Major,United States,-2.73,0.8,-45.4,-30.7,-23.4,,
SCOR,"comScore, Inc.",NASDAQ,4.68,4.52,3.65,9.34,-49.8,0.7,Technology Services,Packaged Software,United States,-0.95,0.7,-48.0,-36.5,-11.6,,是
SPRO,"Spero Therapeutics, Inc.",NASDAQ,1.21,1.08,12.04,3.08,-60.7,0.7,Health Technology,Biotechnology,United States,0.83,11.1,-36.6,-45.7,0.8,,
THRY,"Thryv Holdings, Inc.",NASDAQ,1.57,1.53,2.28,12.57,-87.5,0.7,Technology Services,Packaged Software,United States,-1.26,,-87.0,-62.0,-16.5,,是
CSBR,"Champions Oncology, Inc.",NASDAQ,5,4.59,8.93,8.31,-39.8,0.7,Health Technology,Biotechnology,United States,4.38,,-20.9,-16.2,-0.3,,是
CNTB,Connect Biopharma Holdings Limited,NASDAQ,1.1,0.98,12.24,3.82,-71.2,0.7,Health Technology,Pharmaceuticals: Major,United States,10.89,,-15.4,-54.0,-51.5,,是
BZAI,"Blaize Holdings, Inc.",NASDAQ,0.48,0.42,13.55,6.76,-92.9,0.7,Electronic Technology,Semiconductors,United States,0.19,,-86.9,-64.9,-1.1,,是
GDHG,Golden Heaven Group Holdings Ltd.,NASDAQ,1.16,1.06,9.43,7.79,-85.1,0.7,Industrial Services,Engineering & Construction,China,1.75,,-84.7,-15.3,-20.0,,是
MB,MasterBeef Group,NASDAQ,3.95,3.51,12.54,19.75,-80.0,0.7,Consumer Services,Restaurants,Hong Kong,-1.0,,-57.1,-18.6,-7.3,,
OKYO,OKYO Pharma Limited,NASDAQ,1.29,1.28,0.78,3.2,-59.7,0.7,Health Technology,Biotechnology,United Kingdom,-5.15,,-35.8,-12.8,-21.8,,是
CITR,CitroTech Inc.,AMEX,2.95,2.65,11.32,10.9,-72.9,0.7,Industrial Services,Environmental Services,United States,5.73,,-50,-48.7,-51.9,,是
PLRX,"Pliant Therapeutics, Inc.",NASDAQ,1.08,1.02,5.88,1.95,-44.6,0.7,Health Technology,Biotechnology,United States,0,,-27.0,-2.7,-1.8,,是
XBIT,XBiotech Inc.,NASDAQ,2.19,2.09,4.78,3.44,-36.3,0.7,Health Technology,Biotechnology,United States,0.46,,-18.9,-5.2,-3.1,,是
ZONE,Zone Frontier Inc.,AMEX,0.13,0.12,7.36,2.53,-94.9,0.7,Distribution Services,Wholesale Distributors,United States,1.72,,-93.6,-84.3,-15.7,,是
GNSS,Genasys Inc.,NASDAQ,1.45,1.4,3.57,2.47,-41.2,0.7,Electronic Technology,Computer Communications,United States,-1.36,,-42,-18.3,-0.7,,是
DIT,AMCON Distributing Company,AMEX,67.56,59.15,14.22,95.59,-29.3,0.7,Distribution Services,Wholesale Distributors,United States,0,35.9,-13.0,-7.2,-2.1,,
DRIO,DarioHealth Corp.,NASDAQ,6.62,5.84,13.27,17.74,-62.7,0.6,Health Technology,Medical Specialties,United States,0,,-57.4,-4.0,-1.3,,是
TTEC,"TTEC Holdings, Inc.",NASDAQ,1.3,1.18,10.17,3.98,-67.4,0.6,Technology Services,Information Technology Services,United States,4.84,,-61.9,-39.3,-5.8,,是
AISP,"Airship AI Holdings, Inc",NASDAQ,1.86,1.69,10.39,7.2,-74.2,0.6,Technology Services,Packaged Software,United States,1.64,2.4,-64.3,-23.5,-11.0,,
GEOS,Geospace Technologies Corporation,NASDAQ,4.89,4.78,2.3,29.89,-83.6,0.6,Industrial Services,Oilfield Services/Equipment,United States,0.82,,-74.4,-27.6,-11.6,,是
KLRS,"Kalaris Therapeutics, Inc.",NASDAQ,2.89,2.75,5.09,11.88,-75.7,0.6,Health Technology,Biotechnology,United States,-0.34,,-54.1,-36.5,-27.6,,是
CABO,"Cable One, Inc.",NYSE,11.02,10.39,6.06,180.74,-93.9,0.6,Consumer Services,Cable/Satellite TV,United States,0.82,,-93.4,-79.3,-56.3,,是
WNW,Meiwu Technology Company Limited,NASDAQ,2.37,2.25,5.33,1352,-99.8,0.6,Retail Trade,Internet Retail,China,0,,-98.7,-36.5,-10.2,,
PEW,GrabAGun Digital Holdings Inc.,NYSE,2.09,2.06,1.46,5.23,-60.0,0.6,Retail Trade,Specialty Stores,United States,0,,-54.4,-12.6,-11.1,,是
BATL,Battalion Oil Corporation,AMEX,1.05,1,5.0,29.7,-96.5,0.6,Energy Minerals,Oil & Gas Production,United States,-2.78,,-13.2,-17.3,-22.8,,是
INSG,Inseego Corp.,NASDAQ,3.66,3.58,2.23,21.9,-83.3,0.6,Electronic Technology,Telecommunications Equipment,United States,-5.43,27.5,-75.1,-63.3,-16.8,,是
CAPN,Cayson Acquisition Corp,NASDAQ,11.25,10.32,9.01,11.74,-4.2,0.6,Finance,Financial Conglomerates,United States,-0.44,67.0,7.4,2.0,0.2,,
IH,iHuman Inc.,NYSE,1.15,1.11,3.15,3.09,-62.9,0.6,Technology Services,Internet Software/Services,China,0.44,19.4,-60.7,-18.2,-7.7,,
ZEPP,Zepp Health Corporation,NYSE,4.02,3.78,6.35,61.85,-93.5,0.6,Consumer Durables,Other Consumer Specialties,Netherlands,1.52,,-91.6,-24.0,-21.8,,是
MOB,Mobilicom Limited,NASDAQ,4.5,4.33,3.93,11.02,-59.2,0.6,Electronic Technology,Aerospace & Defense,Israel,-1.96,,-54.1,-13.0,-19.6,,是
INVE,"INVE Technologies, Inc.",NASDAQ,2.36,2.31,1.94,5.3,-55.5,0.6,Electronic Technology,Semiconductors,United States,-0.42,,-32.0,-11.9,-16.0,,是
MCHX,"Marchex, Inc.",NASDAQ,1.29,1.15,12.17,2.04,-36.7,0.6,Commercial Services,Advertising/Marketing Services,United States,0,,-28.5,-24.1,-30.3,,是
ICR/PA,"InPoint Commercial Real Estate Income, Inc. 6.75% Series A Cumulative Redeemable Preferred Stock",NYSE,21.85,19.16,14.04,24,-9.0,0.6,Miscellaneous,Investment Trusts/Mutual Funds,United States,0.37,,12.9,-0.0,-4.7,,是
OM,"Outset Medical, Inc.",NASDAQ,3,2.84,5.62,16.16,-81.4,0.6,Health Technology,Medical Specialties,United States,-0.99,,-79.1,-42.7,-23.9,,是
SELF,"Global Self Storage, Inc.",NASDAQ,4.91,4.73,3.81,5.75,-14.6,0.6,Finance,Real Estate Investment Trusts,United States,0.61,26.6,-1.6,-7.0,-10.4,,
ONEN,ONE Nuclear Energy Inc.,NASDAQ,2.15,1.9,13.16,11.17,-80.8,0.6,Finance,Financial Conglomerates,United States,-17.94,21.2,-80.3,-80.3,-80.3,,
RENT,"Rent the Runway, Inc.",NASDAQ,1.65,1.53,7.84,10.13,-83.7,0.6,Distribution Services,Wholesale Distributors,United States,-1.79,0.1,-66.0,-50.9,-54.2,,
IBAC,IB Acquisition Corp.,NASDAQ,10.91,10.19,7.07,11.64,-6.3,0.5,Finance,Financial Conglomerates,United States,-1.71,,-4.7,1.2,0.9,,是
XPL,Solitario Resources Corp.,AMEX,0.58,0.53,9.28,0.98,-41.0,0.5,Non-Energy Minerals,Other Metals/Minerals,United States,-0.02,,-17.7,-21.0,-28.2,,是
NNOX,NANO-X IMAGING LTD,NASDAQ,0.69,0.63,10.1,4.71,-85.3,0.5,Health Technology,Medical Specialties,Israel,5.73,,-81.4,-50.8,-14.9,,是
MBAI,MBody AI Ltd.,NASDAQ,3.54,3.33,6.15,27.44,-87.1,0.5,Health Services,Medical/Nursing Services,Canada,-5.6,,-78.6,-60.8,-45.5,,
WATR,Air Water Ventures Limited,NASDAQ,1.7,1.51,12.58,11.5,-85.2,0.5,Consumer Non-Durables,Beverages: Non-Alcoholic,United Arab Emirates,8.28,11.0,-83.2,-83.6,-25.4,,
HIT,"Health In Tech, Inc.",NASDAQ,0.82,0.77,5.91,4.02,-79.6,0.5,Technology Services,Information Technology Services,United States,-3.73,,-76.5,-21.1,-16.3,,是
DLHC,DLH Holdings Corp.,NASDAQ,3.7,3.38,9.47,8.1,-54.3,0.5,Commercial Services,Personnel Services,United States,5.11,,-33.3,-29.0,-15.7,,是
NAMM,Namib Minerals,NASDAQ,0.96,0.91,4.87,7.42,-87.1,0.5,Non-Energy Minerals,Precious Metals,Cayman Islands,-4.65,,-70.7,-48.5,-33.0,,
DOMH,Dominari Holdings Inc.,NASDAQ,2.19,1.91,14.66,7.54,-71.0,0.5,Finance,Investment Banks/Brokers,United States,-8.75,,-69.8,-27.5,-8.0,,是
GENK,"GEN Restaurant Group, Inc.",NASDAQ,1.61,1.43,12.59,3.22,-50.0,0.5,Consumer Services,Restaurants,United States,-5.29,,-44.3,-21.5,-16.1,,是
GRSD,Grandstand Limited,NASDAQ,1.51,1.5,0.67,8.49,-82.2,0.5,Commercial Services,Advertising/Marketing Services,United Kingdom,-1.31,,-81.9,-26.7,-19.7,,是
ELTK,Eltek Ltd.,NASDAQ,7.87,7.3,7.81,11.59,-32.1,0.5,Electronic Technology,Electronic Components,Israel,-3.44,,-28.5,-13.5,-1.9,,是
XLAB,Exascale Labs Holdings Inc.,NASDAQ,1.85,1.76,5.23,11.17,-83.4,0.5,Finance,Financial Conglomerates,United States,-10.63,9.1,-81.4,-82.3,-59.6,,
SGA,"Saga Communications, Inc.",NASDAQ,8.24,8.19,0.61,13.19,-37.5,0.5,Consumer Services,Broadcasting,United States,-0.48,,-36.0,-12.2,-6.4,,是
MKDW,MKDWELL Tech Inc.,NASDAQ,1.53,1.36,12.5,12.94,-88.2,0.5,Producer Manufacturing,Auto Parts: OEM,Taiwan,-0.65,,-76.5,-87.2,-86.1,,是
FLL,"Full House Resorts, Inc.",NASDAQ,1.42,1.42,0.0,3.37,-57.9,0.5,Consumer Services,Casinos/Gaming,United States,-5.96,,-56.7,-49.8,-30.7,,是
NCTY,The9 Limited - American Depository Shares,NASDAQ,3.32,3.12,6.41,11.6,-71.4,0.5,Technology Services,Packaged Software,China,-2.06,,-67.6,-35.7,-24.4,,
RPID,"Rapid Micro Biosystems, Inc.",NASDAQ,1.03,1.03,0.0,4.94,-79.1,0.5,Producer Manufacturing,Industrial Machinery,United States,-4.63,,-68.7,-40.5,-35.6,,是
AVD,American Vanguard Corporation,NYSE,1.75,1.74,0.86,5.71,-69.4,0.5,Process Industries,Chemicals: Agricultural,United States,-1.13,,-69.5,-39.9,-19.7,,是
TOUR,Tuniu Corporation,NASDAQ,4.96,4.53,9.49,9.71,-48.9,0.5,Consumer Services,Other Consumer Services,China,-1.2,17.6,-48.3,7.4,0,,
BKHA,Black Hawk Acquisition Corporation,NASDAQ,12.35,11,12.27,13.1,-5.7,0.5,Finance,Financial Conglomerates,United States,-0.08,154.8,11.1,2.1,3.2,,
BRID,Bridgford Foods Corporation,NASDAQ,5.64,5.6,0.64,8.62,-34.6,0.5,Consumer Non-Durables,Food: Specialty/Candy,United States,-0.78,,-27.9,-16.6,-7.7,,是
REKR,"Rekor Systems, Inc.",NASDAQ,0.37,0.36,2.53,3.42,-89.2,0.5,Commercial Services,Miscellaneous Commercial Services,United States,-3.38,,-77.6,-49.4,-35.2,,是
STKS,"The ONE Group Hospitality, Inc.",NASDAQ,1.6,1.5,6.67,2.91,-45.0,0.5,Consumer Services,Restaurants,United States,-4.19,,-50.8,-20.0,-4.2,,是
TCBS,"Texas Community Bancshares, Inc.",NASDAQ,17.29,15.72,9.99,20,-13.6,0.5,Finance,Savings Banks,United States,-0.35,14.6,7.1,-3.7,-0.1,,
SOGP,Sound Group Inc.,NASDAQ,11.2,9.76,14.75,25.86,-56.7,0.5,Technology Services,Packaged Software,Singapore,-5.49,1.3,-41.1,0.1,-10.0,,
CRGO,Freightos Limited,NASDAQ,0.95,0.94,1.1,4.24,-77.6,0.5,Technology Services,Internet Software/Services,Israel,-1.01,,-71.5,-34.5,-26.9,,是
DSWL,"Deswell Industries, Inc.",NASDAQ,3.1,2.84,9.15,4.06,-23.7,0.5,Producer Manufacturing,Industrial Machinery,China,1.47,4.6,-23.1,-12.9,1.6,,
SRTS,"Sensus Healthcare, Inc.",NASDAQ,2.99,2.66,12.41,5.49,-45.5,0.5,Health Technology,Medical Specialties,United States,-2.61,,-5.7,-1.0,-16.0,,是
SFWL,Shengfeng Development Limited,NASDAQ,8.9,7.82,13.81,17.85,-50.1,0.5,Transportation,Air Freight/Couriers,China,-5.02,3.9,-47.5,-34.7,-38.5,,
INV,"Innventure, Inc.",NASDAQ,0.57,0.53,8.09,7.86,-92.7,0.5,Finance,Investment Managers,United States,-4.5,,-90.0,-88.9,-55.6,,是
FNUC,Frontier Nuclear and Minerals Inc.,NASDAQ,1.33,1.25,6.83,7.43,-82.1,0.5,Process Industries,Chemicals: Agricultural,Canada,-3.62,,-71.6,-19.9,-11.3,,
YHNA,YHN Acquisition I Limited,NASDAQ,11.21,10.46,7.17,12,-6.6,0.5,Finance,Financial Conglomerates,Hong Kong,0.09,557.7,7.2,3.2,1.4,,
ELTX,"Elicio Therapeutics, Inc.",NASDAQ,1.82,1.71,6.74,16,-88.6,0.5,Health Technology,Biotechnology,United States,-1.09,,-83.2,-49.4,-35.9,,是
CATO,Cato Corporation (The),NYSE,2.39,2.3,3.91,4.67,-48.8,0.5,Retail Trade,Apparel/Footwear Retail,United States,-1.24,,-43.1,-27.6,-9.1,,是
CNVS,Cineverse Corp.,NASDAQ,2,1.77,12.99,3.55,-43.7,0.5,Consumer Services,Movies/Entertainment,United States,1.01,,-41.9,-31.0,-17.0,,是
CVRX,"CVRx, Inc.",NASDAQ,1.75,1.65,6.06,11.3,-84.5,0.5,Health Technology,Medical Specialties,United States,-33.46,,-77.4,-68.6,-41.1,,是
IDN,"Intellicheck, Inc.",NASDAQ,2.29,2.29,0.22,9.08,-74.7,0.5,Technology Services,Packaged Software,United States,-1.5,15.0,-56.4,-45.0,-18.9,,
PROP,Prairie Operating Co.,NASDAQ,0.41,0.38,7.44,2.55,-83.9,0.5,Energy Minerals,Integrated Oil,United States,-2.26,,-78.0,-42.8,-26.5,,是
VHUB,"VenHub Global, Inc.",NASDAQ,0.47,0.47,2.04,15.34,-96.9,0.5,Retail Trade,Food Retail,United States,-10.64,,-96.3,-51.6,-46.7,,是
DWTX,"Dogwood Therapeutics, Inc.",NASDAQ,1.35,1.28,5.47,7.3,-81.5,0.5,Health Technology,Pharmaceuticals: Major,United States,0,,-82.9,-12.3,-48.3,,是
MVIS,"MicroVision, Inc.",NASDAQ,1.5,1.4,7.14,23.1,-93.5,0.5,Electronic Technology,Semiconductors,United States,2.74,,-91.8,-74.6,-18.9,,是
SDA,SunCar Technology Group Inc.,NASDAQ,0.45,0.42,5.95,2.7,-83.5,0.5,Consumer Services,Other Consumer Services,China,-1.51,14.0,-81.8,-46.5,-35.0,,
HAIN,"The Hain Celestial Group, Inc.",NASDAQ,0.49,0.48,1.58,1.64,-70.3,0.4,Consumer Non-Durables,Food: Major Diversified,United States,-2.54,,-69.7,-13.3,-34.0,,是
SPWH,"Sportsman's Warehouse Holdings, Inc.",NASDAQ,1.13,1.08,4.63,3.35,-66.3,0.4,Retail Trade,Specialty Stores,United States,0,,-60.9,-13.1,-2.6,,是
AURE,Aurelion Inc.,NASDAQ,1.14,1,14.0,14.6,-92.2,0.4,Technology Services,Information Technology Services,Hong Kong,2.98,,-83.2,-43.0,-30.5,,是
IZEA,"IZEA Worldwide, Inc.",NASDAQ,2.51,2.38,5.46,5.86,-57.2,0.4,Commercial Services,Advertising/Marketing Services,United States,-1.57,,-35.8,-29.3,-18.2,,是
BTMD,Biote Corp.,NASDAQ,1.21,1.15,4.85,3.26,-62.9,0.4,Health Services,Hospital/Nursing Management,United States,-2.42,10.0,-59.5,-39.8,-22.9,,
SEAT,Vivid Seats Inc.,NASDAQ,3.86,3.6,7.22,16.54,-76.7,0.4,Consumer Services,Movies/Entertainment,United States,0.26,,-76.7,-42.0,-35.6,,是
ACH,"Accendra Health, Inc.",NYSE,0.56,0.55,1.5,5.6,-90.0,0.4,Health Technology,Medical Specialties,United States,-8.06,,-87.8,-84.2,-53.1,,是
VHC,VirnetX Holding Corp,NASDAQ,10.19,9.82,3.77,29,-64.9,0.4,Technology Services,Packaged Software,United States,-1.26,,-38.0,-20.4,-15.5,,是
DTSQ,DT Cloud Star Acquisition Corporation,NASDAQ,11.58,10.47,10.6,12.9,-10.2,0.4,Finance,Financial Conglomerates,United States,0.52,121.5,10.4,2.2,2.0,,
LOAN,"Manhattan Bridge Capital, Inc",NASDAQ,3.7,3.54,4.52,5.8,-36.2,0.4,Finance,Real Estate Investment Trusts,United States,-0.8,8.9,-32.5,-18.9,-7.5,,
KG,"Kestrel Group, Ltd.",NASDAQ,5.31,4.82,10.17,27.24,-80.5,0.4,Finance,Property/Casualty Insurance,Bermuda,0.57,,-79.5,-44.9,-27.9,,是
GPMT,Granite Point Mortgage Trust Inc.,NYSE,0.86,0.81,6.17,3.03,-71.6,0.4,Finance,Real Estate Investment Trusts,United States,-3.08,,-71.3,-41.5,-21.1,,是
QETA,Quetta Acquisition Corporation,NASDAQ,11.81,11.02,7.17,13.07,-9.6,0.4,Finance,Financial Conglomerates,United States,0,49.6,8.6,-1.3,0.6,,
INDO,Indonesia Energy Corporation Limited,AMEX,2.67,2.44,9.43,8.5,-68.6,0.4,Energy Minerals,Integrated Oil,Indonesia,0.75,,-9.5,-3.6,-6.3,,是
CMTL,Comtech Telecommunications Corp.,NASDAQ,1.37,1.35,1.11,6.21,-77.9,0.4,Electronic Technology,Telecommunications Equipment,United States,-0.72,,-47.1,-35.1,-19.4,,是
STEM,"Stem, Inc.",NYSE,4.25,3.7,14.86,32.23,-86.8,0.4,Technology Services,Packaged Software,United States,-8.99,,-74.3,-47.1,-22.7,,是
SYPR,"Sypris Solutions, Inc.",NASDAQ,1.77,1.67,5.99,4.74,-62.7,0.4,Producer Manufacturing,Auto Parts: OEM,United States,4.12,,-11.9,-25.3,1.7,,是
MLGO,"MicroAlgo, Inc.",NASDAQ,3.25,3.02,7.62,11.47,-71.7,0.4,Technology Services,Packaged Software,China,2.52,,-68.1,-23.2,-19.2,,是
LCCC,Lakeshore Acquisition III Corp.,NASDAQ,10.54,10.09,4.46,10.56,-0.2,0.4,Finance,Financial Conglomerates,United States,0.19,48.8,4.6,1.1,0.5,,
MGX,"Metagenomi Therapeutics, Inc.",NASDAQ,1.06,1.06,0.0,3.95,-73.2,0.4,Health Technology,Pharmaceuticals: Major,United States,-6.19,,-53.5,-13.1,-10.2,,是
FSHP,Flag Ship Acquisition Corp.,NASDAQ,11.29,10.57,6.81,12,-5.9,0.4,Finance,Financial Conglomerates,United States,0,64.4,6.0,0.7,-2.2,,
NOEM,CO2 Energy Transition Corp.,NASDAQ,10.58,10.16,4.13,12.62,-16.2,0.4,Finance,Financial Conglomerates,United States,-0.94,69.3,4.2,1.3,-0.8,,
SNT,Senstar Technologies Corporation,NASDAQ,1.62,1.43,13.29,5.34,-69.7,0.4,Electronic Technology,Aerospace & Defense,Canada,1.25,78.3,-67.5,-17.8,-1.2,,
QTI,"QT Imaging Holdings, Inc.",NASDAQ,2.54,2.42,5.17,8.5,-70.1,0.4,Finance,Financial Conglomerates,United States,-1.36,,-64.4,-37.2,-17.6,,是
HOLO,MicroCloud Hologram Inc.,NASDAQ,1.6,1.43,11.89,5.66,-71.7,0.4,Electronic Technology,Semiconductors,China,-0.93,,-68,-1.2,-9.6,,是
STRR,"Star Equity Holdings, Inc.",NASDAQ,9.75,8.95,8.94,11.99,-18.7,0.4,Commercial Services,Personnel Services,United States,-1.02,,-15.9,-11.4,-3.7,,是
STRRP,"Star Equity Holdings, Inc. - 10% Series A Cumulative Perpetual Preferred Stock",NASDAQ,9.18,8.77,4.58,10.92,-16.0,0.4,Commercial Services,Personnel Services,United States,-0.81,,-4.4,-7.3,-7.3,,是
NFE,New Fortress Energy Inc.,NASDAQ,6.27,5.73,9.42,133,-95.3,0.4,Utilities,Gas Distributors,United States,3.12,,-93.7,-67.3,-56.8,,是
FTCI,"FTC Solar, Inc.",NASDAQ,2.15,1.99,8.31,12.75,-83.1,0.4,Technology Services,Packaged Software,United States,0,,-69.8,-57.3,-14.3,,是
AACG,ATA Creativity Global,NASDAQ,0.8,0.74,8.24,1.5,-46.7,0.4,Commercial Services,Miscellaneous Commercial Services,China,-2.41,,-44.8,-23.1,-13.0,,
CREX,"Creative Realities, Inc.",NASDAQ,2.54,2.23,13.9,4.42,-42.6,0.3,Commercial Services,Advertising/Marketing Services,United States,2.01,,11.0,-37.1,-12.0,,是
GAIA,"Gaia, Inc.",NASDAQ,1.32,1.16,13.7,6.39,-79.3,0.3,Commercial Services,Miscellaneous Commercial Services,United States,-4.69,,-78.7,-36.2,-14.3,,是
MCRB,"Seres Therapeutics, Inc.",NASDAQ,3.35,3.26,2.76,29.98,-88.8,0.3,Health Technology,Biotechnology,United States,-3.74,,-82.2,-57.9,-34.3,,是
CNF,CNFinance Holdings Limited,NYSE,1.95,1.74,12.07,6.49,-70.0,0.3,Finance,Finance/Rental/Leasing,China,0,,-51.2,-33.0,-8.0,,是
COLA,Columbus Acquisition Corp,NASDAQ,7.3,6.89,5.95,12.95,-43.6,0.3,Finance,Financial Conglomerates,Singapore,-30.14,80.4,-28.6,-31.4,-31.5,,
RAVE,"Rave Restaurant Group, Inc.",NASDAQ,2.3,2.06,11.65,3.6,-36.1,0.3,Consumer Services,Restaurants,United States,-2.13,11.4,-32.6,-30.7,-27.0,,
PGAC,Pantages Capital Acquisition Corporation,NASDAQ,10.78,10.26,5.07,11.39,-5.4,0.3,Finance,Financial Conglomerates,United States,0.65,57.7,5.1,1.6,0.8,,
GPUS,"Hyperscale Data, Inc.",AMEX,0.16,0.16,5.79,3.65,-95.5,0.3,Producer Manufacturing,Electrical Products,United States,3.2,,-92.7,-78.6,-46.0,,是
XTIA,"XTI Aerospace, Inc.",NASDAQ,0.82,0.8,2.02,3.19,-74.3,0.3,Technology Services,Information Technology Services,United States,-0.45,,-45.4,-52.1,-39.4,,是
NSPR,InspireMD Inc.,NASDAQ,0.67,0.6,11.3,2.56,-74.0,0.3,Health Technology,Medical Specialties,United States,-3.74,,-72.4,-0.3,-26.2,,是
VTSI,"VirTra, Inc.",NASDAQ,2.72,2.69,1.08,6.29,-56.8,0.3,Electronic Technology,Aerospace & Defense,United States,0.37,,-50.7,-15.1,-10.5,,是
GNS,Genius Group Limited,AMEX,0.16,0.14,13.09,1.06,-85.0,0.3,Technology Services,Packaged Software,Singapore,9.2,,-84.7,-22.4,-12.7,,是
COHN,Cohen & Company Inc.,AMEX,9.4,9.19,2.29,32.6,-71.2,0.3,Finance,Investment Banks/Brokers,United States,-1.05,1.7,-15.9,-30.4,-16.4,,
PETS,"PetMed Express, Inc.",NASDAQ,1.38,1.36,1.35,4.1,-66.3,0.3,Retail Trade,Specialty Stores,United States,-1.43,,-45.0,-30.7,-26.6,,是
ATYR,"aTyr Pharma, Inc.",NASDAQ,0.3,0.27,11.4,1.12,-72.9,0.3,Health Technology,Pharmaceuticals: Major,United States,-1.53,,-63.3,-48.6,-43.9,,是
RAND,Rand Capital Corporation,NASDAQ,9.99,9.77,2.25,17.49,-42.9,0.3,Miscellaneous,Investment Trusts/Mutual Funds,United States,2.15,,-34.4,-3.2,-7.4,,是
CNTY,"Century Casinos, Inc.",NASDAQ,1.05,1.05,0.0,2.73,-61.5,0.3,Consumer Services,Casinos/Gaming,United States,-1.87,,-59.0,-19.2,-16.0,,是
AEI,Alset Inc.,NASDAQ,0.76,0.75,1.23,3.98,-80.9,0.3,Finance,Real Estate Development,United States,-4.6,,-72.0,-46.5,-46.2,,是
PAVM,PAVmed Inc.,NASDAQ,3.69,3.66,0.82,28.44,-87.0,0.3,Health Technology,Medical Specialties,United States,-3.28,,-73.0,-41.4,-27.4,,是
BLNE,"Beeline Holdings, Inc.",NASDAQ,0.84,0.76,10.53,4.1,-79.5,0.3,Commercial Services,Advertising/Marketing Services,United States,-3.2,,-78.7,-24.3,-15.8,,是
KTH,Structures Products Cp 8% CorTS Issued by Peco Energy Cap Tr II Preferred Stock,NYSE,28.55,27.93,2.2,30,-4.8,0.3,Finance,Finance/Rental/Leasing,United States,0.51,,-1.8,-0.1,0.1,,
LFT,"Lument Finance Trust, Inc.",NYSE,5.48,5.15,6.41,20.05,-72.7,0.3,Finance,Real Estate Investment Trusts,United States,-0.36,,-72.6,-42.9,-26.6,,是
ANPA,Rich Sparkle Holdings Limited,NASDAQ,1.89,1.85,2.16,180.64,-99.0,0.3,Commercial Services,Commercial Printing/Forms,Hong Kong,-6.44,,-93.8,-53.8,-53.3,,是
RNAZ,"TransCode Therapeutics, Inc.",NASDAQ,1.68,1.58,6.43,20.99,-92.0,0.3,Health Technology,Biotechnology,United States,3.07,,-84.1,-78.3,-20.0,,是
FKWL,Franklin Wireless Corp.,NASDAQ,2.38,2.21,7.69,5.48,-56.6,0.3,Electronic Technology,Telecommunications Equipment,United States,-0.63,,-45.1,-6.3,-6.5,,是
IGC,"IGC Pharma, Inc.",AMEX,0.27,0.23,14.43,0.45,-40.4,0.3,Health Technology,Biotechnology,United States,0.52,,-38.9,-1.9,-12.3,,是
KPTI,Karyopharm Therapeutics Inc.,NASDAQ,1.22,1.18,3.39,10.99,-88.9,0.3,Health Technology,Pharmaceuticals: Major,United States,1.24,,-80.8,-87.4,-36.1,,是
CNTX,Context Therapeutics Inc.,NASDAQ,0.3,0.3,1.32,3.62,-91.7,0.3,Health Technology,Pharmaceuticals: Major,United States,-5.83,,-69.3,-49.3,-22.0,,是
MDBH,"MDB Capital Holdings, LLC",NASDAQ,2.61,2.38,9.72,4.8,-45.6,0.3,Finance,Financial Conglomerates,United States,1.56,,-27.9,-22.1,-15.0,,是
APWC,Asia Pacific Wire & Cable Corporation Limited,NASDAQ,1.32,1.26,4.35,2.28,-42.1,0.3,Electronic Technology,Telecommunications Equipment,Taiwan,-1.49,4.5,-37.1,-17.0,-6.4,,
KYNB,"Kyntra Bio, Inc.",NASDAQ,6.65,6.32,5.22,12.13,-45.2,0.3,Health Technology,Pharmaceuticals: Major,United States,-2.06,0.2,-45.7,-12.5,-16.0,,
CRWS,"Crown Crafts, Inc.",NASDAQ,2.49,2.35,5.96,3.14,-20.7,0.3,Consumer Durables,Home Furnishings,United States,-1.19,5.3,-13.8,-16.4,-13.5,,
AAME,Atlantic American Corporation,NASDAQ,1.31,1.25,4.8,3.24,-59.6,0.3,Finance,Multi-Line Insurance,United States,0.77,,-54.6,-21.6,-7.7,,
MCRP,Micropolis AI Robotics,AMEX,0.76,0.69,9.79,4.62,-83.6,0.3,Producer Manufacturing,Industrial Machinery,United Arab Emirates,-5.55,,-48.9,-57.1,-22.1,,
SWAG,"Stran & Company, Inc.",NASDAQ,1.41,1.33,6.02,3.5,-59.7,0.3,Commercial Services,Advertising/Marketing Services,United States,-2.08,705,-8.4,-32.2,-17.1,,
LOCL,Local Bounti Corporation,NYSE,1.09,0.95,14.74,4.0,-72.7,0.3,Finance,Financial Conglomerates,United States,5.83,,-61.8,-13.5,9.0,,是
ASPC,A SPAC III Acquisition Corp.,NASDAQ,10.81,10.3,4.95,63.98,-83.1,0.3,Finance,Financial Conglomerates,Hong Kong,0.09,2456.8,4.5,-0.4,-0.4,,
EURK,Eureka Acquisition Corp,NASDAQ,11.54,10.69,7.98,14.28,-19.2,0.3,Finance,Financial Conglomerates,Hong Kong,-0.06,314.5,7.6,-8.7,-0.5,,
DXLG,"Destination XL Group, Inc.",NASDAQ,0.44,0.43,2.79,1.58,-72.0,0.2,Retail Trade,Apparel/Footwear Retail,United States,-3.28,,-67.0,-31.7,-25.7,,是
AWRE,"Aware, Inc.",NASDAQ,1.12,1.02,9.8,2.84,-60.5,0.2,Technology Services,Packaged Software,United States,-2.61,,-54.3,-18.5,-12.5,,是
CLIR,ClearSign Technologies Corporation,NASDAQ,3.55,3.16,12.34,11.2,-68.3,0.2,Producer Manufacturing,Industrial Machinery,United States,-4.83,,-57.0,-13.0,-18.4,,是
INLX,"Intellinetics, Inc.",AMEX,5.35,5,7.0,11.75,-54.5,0.2,Technology Services,Packaged Software,United States,3.88,,-53.8,-7.0,-0.9,,是
VIDA,VIDA Global Inc.,AMEX,1.64,1.58,3.8,6.21,-73.6,0.2,Technology Services,Packaged Software,United States,-0.61,,-59.0,-40.8,-37.4,,
PRT,PermRock Royalty Trust Trust,NYSE,1.93,1.82,6.04,4.01,-51.9,0.2,Miscellaneous,Investment Trusts/Mutual Funds,United States,-1.03,8.2,-50.6,-15.0,-15.0,,
HKIT,Hitek Global Inc.,NASDAQ,2.6,2.33,11.59,15675,-100.0,0.2,Technology Services,Packaged Software,China,2.36,,-100.0,-42.2,-14.2,,
BSAA,BEST SPAC I Acquisition Corp.,NASDAQ,11.3,10.05,12.46,17.2,-34.3,0.2,Finance,Financial Conglomerates,Hong Kong,0,448.4,12.4,-5.7,2.4,,
LIVE,Live Ventures Incorporated,NASDAQ,7.58,7,8.36,22.7,-66.6,0.2,Consumer Durables,Home Furnishings,United States,-1.49,,-58.9,-26.4,-23.4,,是
KTCC,Key Tronic Corporation,NASDAQ,2.08,2.05,1.46,4.42,-52.9,0.2,Electronic Technology,Computer Peripherals,United States,-0.95,,-40.1,-51.5,-25.4,,是
EHTH,"eHealth, Inc.",NASDAQ,0.71,0.68,3.68,5.89,-87.9,0.2,Finance,Insurance Brokers/Services,United States,-1.24,,-82.5,-58.5,-40.8,,
MDRR,"Medalist Diversified, Inc.",NASDAQ,10,9.47,5.6,14.52,-31.1,0.2,Finance,Real Estate Investment Trusts,United States,-9.09,2.6,-26.2,-13.2,-18.0,,
JAGU,Jaguar Uranium Corp.,AMEX,1.08,1.08,0.0,5.5,-80.4,0.2,Non-Energy Minerals,Other Metals/Minerals,Canada,-16.92,,-78.4,-37.9,-36.1,,是
PSHG,Performance Shipping Inc.,NASDAQ,1.75,1.6,9.03,2.58,-32.2,0.2,Transportation,Marine Shipping,Greece,-0.28,2.0,-9.8,2.3,3.6,,
TCRX,"TScan Therapeutics, Inc.",NASDAQ,0.31,0.29,8.37,2.57,-87.8,0.2,Health Technology,Biotechnology,United States,-0.94,,-81.8,-70.9,-58.1,,是
MERC,Mercer International Inc.,NASDAQ,0.31,0.3,1.8,2.96,-89.5,0.2,Process Industries,Pulp & Paper,Canada,-3.24,,-89.2,-54.4,-18.3,,是
RVP,"Retractable Technologies, Inc.",AMEX,0.69,0.6,14.84,1.14,-39.4,0.2,Health Technology,Medical Specialties,United States,-0.86,,-15.8,-6.2,-2.2,,是
BEAT,"Heartbeam, Inc.",NASDAQ,0.37,0.35,3.27,4,-90.8,0.2,Health Technology,Medical Specialties,United States,-0.35,,-78.2,-51.2,-22.0,,是
TLF,"Tandy Leather Factory, Inc.",NASDAQ,2.49,2.2,13.39,3.36,-25.8,0.2,Retail Trade,Specialty Stores,United States,-1.01,,-16.6,5.0,-3.7,,是
ESLA,"Estrella Immunopharma, Inc.",NASDAQ,0.47,0.43,8.21,3.15,-85.2,0.2,Health Technology,Biotechnology,United States,1.43,,-61.4,-51.9,-31.4,,是
LOOP,"Loop Industries, Inc.",NASDAQ,0.41,0.39,6.94,1.99,-79.2,0.2,Process Industries,Chemicals: Specialty,Canada,-5.47,,-72.6,-57.4,-20.6,,是
ATOS,"Atossa Therapeutics, Inc.",NASDAQ,1.95,1.7,14.71,19.35,-89.9,0.2,Health Technology,Pharmaceuticals: Major,United States,-2.01,,-85.2,-3.9,-24.1,,是
NYC,American Strategic Investment Co.,NYSE,6.12,5.52,10.87,13.97,-56.2,0.2,Finance,Real Estate Investment Trusts,United States,0.16,1.4,-37.0,-33.2,-3.0,,
NEUP,Neuphoria Therapeutics Inc.,NASDAQ,3.56,3.19,11.6,21.4,-83.4,0.2,Health Technology,Pharmaceuticals: Major,United States,-0.28,,-68.3,6.0,-4.0,,是
BCG,"Binah Capital Group, Inc.",NASDAQ,1.12,1.1,1.82,3.44,-67.4,0.2,Finance,Investment Managers,United States,-2.18,7.3,-32.1,-28.2,-18.8,,
HTCO,High-Trend International Group,NASDAQ,2.07,1.83,13.11,56.59,-96.3,0.2,Transportation,Marine Shipping,Singapore,-5.91,,-73.0,-49.4,-18.5,,是
YAAS,Youxin Technology Ltd,NASDAQ,1.18,1.1,7.27,16.7,-92.9,0.2,Technology Services,Packaged Software,China,0.85,,-92.9,-68.5,-42.4,,是
KSCP,"Knightscope, Inc.",NASDAQ,0.78,0.76,1.59,7.62,-89.8,0.2,Producer Manufacturing,Industrial Machinery,United States,-4.31,,-86.7,-62.0,-44.6,,是
WTG,Wintergreen Acquisition Corp.,NASDAQ,10.64,10.1,5.44,10.64,0.0,0.2,Finance,Financial Conglomerates,China,0.13,46.0,5.8,2.0,0.7,,
FEMY,Femasys Inc.,NASDAQ,2.16,2,8.0,22.2,-90.3,0.2,Electronic Technology,Electronic Equipment/Instruments,United States,3.35,,-70.8,-51.1,-32.9,,是
ACCS,ACCESS Newswire Inc.,AMEX,4.71,4.7,0.32,11.34,-58.4,0.2,Technology Services,Packaged Software,United States,-1.67,,-55.5,-29.6,-17.0,,是
CCHH,CCH Holdings Ltd,NASDAQ,0.9,0.9,0.0,153.9,-99.4,0.2,Consumer Services,Restaurants,Malaysia,-5.26,,-98.3,-80.7,-26.8,,
GMM,Global Mofy AI Limited,NASDAQ,1.8,1.66,8.43,102.0,-98.2,0.2,Technology Services,Packaged Software,China,-2.16,,-98.2,-20.4,-29.1,,是
CLRB,"Cellectar Biosciences, Inc.",NASDAQ,1.84,1.8,2.22,6.52,-71.8,0.2,Health Technology,Pharmaceuticals: Major,United States,1.1,,-66.0,-35.4,-27.0,,是
CDLX,"Cardlytics, Inc. Common Stock",NASDAQ,2.94,2.93,0.34,26.7,-89.0,0.2,Technology Services,Internet Software/Services,United States,-2.65,,-88.9,-34.2,-26.7,,是
GIFT,"Giftify, Inc.",NASDAQ,0.49,0.44,11.07,1.29,-62.1,0.2,Technology Services,Data Processing Services,United States,-19.89,,-55.2,-51.1,-40.6,,是
FENG,Phoenix New Media Limited,NYSE,1.41,1.39,1.44,2.89,-51.2,0.2,Technology Services,Internet Software/Services,China,0,4.0,-50.2,-6.0,-6.0,,
JF,J and Friends Holdings Limited,NASDAQ,0.92,0.81,13.58,1.24,-25.8,0.2,Finance,Finance/Rental/Leasing,China,-0.89,,-1.5,-11.5,2.2,,
UONE,"Urban One, Inc.",NASDAQ,4.04,4,1.0,16.94,-76.2,0.2,Consumer Services,Movies/Entertainment,United States,-2.06,,-70.9,-25.5,-15.3,,是
ARKR,Ark Restaurants Corp.,NASDAQ,4.5,4.4,2.39,9.5,-52.6,0.2,Consumer Services,Restaurants,United States,-0.55,,-36.7,-22.3,-18.1,,是
SCAG,Scage Future,NASDAQ,0.22,0.21,6.37,3.4,-93.4,0.2,Consumer Durables,Motor Vehicles,China,1.36,,-91.7,-42.6,-24.1,,
OPAD,Offerpad Solutions Inc.,NASDAQ,3.26,3.21,1.56,42.7,-92.4,0.2,Technology Services,Internet Software/Services,United States,-0.31,,-92.7,-38.7,-26.7,,是
MYND,"Mynd.ai, Inc.",AMEX,0.31,0.28,10.1,0.98,-68.6,0.2,Technology Services,Packaged Software,United States,-6.48,,-68.1,-24.9,-17.7,,是
LRE,"Lead Real Estate Co., Ltd",NASDAQ,1.14,1,14.15,1.89,-39.6,0.2,Finance,Real Estate Development,Japan,0.13,4.5,-30.0,-12.5,-10.0,,
PASW,"Ping An Biomedical Co., Ltd.",NASDAQ,0.12,0.11,12.73,1.22,-89.8,0.2,Distribution Services,Wholesale Distributors,Hong Kong,2.48,,-89.1,-25.0,-11.4,,
DOGZ,Dogness (International) Corporation,NASDAQ,0.88,0.81,8.64,15.69,-94.4,0.2,Consumer Non-Durables,Consumer Sundries,China,-0.06,,-93.7,-19.3,-13.7,,
MOBX,"Mobix Labs, Inc.",NASDAQ,0.85,0.79,7.72,13.3,-93.6,0.2,Electronic Technology,Semiconductors,United States,0.64,,-90.2,-60.4,-27.6,,是
AHT,Ashford Hospitality Trust Inc,NYSE,2.37,2.35,0.85,6.05,-60.8,0.2,Finance,Real Estate Investment Trusts,United States,-4.05,,-59.4,-24.8,-26.4,,是
FUSE,Fusemachines Inc.,NASDAQ,0.52,0.5,4.13,25,-97.9,0.2,Technology Services,Packaged Software,United States,-6.24,30.2,-96.3,-49.8,-25.8,,是
CCG,Cheche Group Inc.,NASDAQ,6,6,0.0,47.25,-87.3,0.2,Technology Services,Packaged Software,China,-21.26,,-86.7,-65.9,-60.5,,是
FTHM,Fathom Holdings Inc.,NASDAQ,0.44,0.4,8.8,1.94,-77.6,0.1,Technology Services,Packaged Software,United States,-12.59,,-76.6,-60.8,-36.5,,是
CCM,Concord Medical Services Holdings Limited,NYSE,3.14,3.09,1.62,6.96,-54.9,0.1,Health Services,Medical/Nursing Services,China,-7.1,,-55.0,-31.5,-32.5,,
UFG,Uni-Fuels Holdings Limited,NASDAQ,0.45,0.45,0.96,2.08,-78.3,0.1,Distribution Services,Wholesale Distributors,Singapore,-5.45,,-93.8,-37.0,-19.5,,是
CTXR,"Citius Pharmaceuticals, Inc.",NASDAQ,0.53,0.47,13.29,2.19,-75.8,0.1,Health Technology,Medical Specialties,United States,-4.24,,-54.6,-14.1,-8.4,,是
YXT,YXT.COM GROUP HOLDING LIMITED - American Depository Shares,NASDAQ,2.26,2.2,2.72,32.14,-93.0,0.1,Technology Services,Packaged Software,China,-5.83,,-77.2,-40.5,-14.7,,
HODO,House of Doge Inc.,NASDAQ,0.16,0.15,5.26,19.49,-99.2,0.1,Technology Services,Packaged Software,United States,-3.61,,-98.7,-93.7,-39.6,,是
CNSY,"Cerenome, Inc.",NASDAQ,1.87,1.84,1.63,23.43,-92.0,0.1,Health Technology,Pharmaceuticals: Major,United States,0.54,,-90.2,-54.9,-37.9,,是
SAGT,SAGTEC GLOBAL LIMITED,NASDAQ,0.57,0.52,9.97,3.39,-83.1,0.1,Technology Services,Packaged Software,Malaysia,-6.46,,-73.1,-47.9,-14.9,,
NXXT,"NextNRG, Inc.",NASDAQ,0.84,0.82,3.17,28.8,-97.1,0.1,Technology Services,Packaged Software,United States,-2.37,,-95.6,-76.7,-64.9,,是
TPST,"Tempest Therapeutics, Inc.",NASDAQ,0.83,0.74,12.26,12.23,-93.2,0.1,Health Technology,Pharmaceuticals: Major,United States,2.96,,-91.8,-24.8,-21.3,,是
DLPN,"Dolphin Entertainment, Inc.",NASDAQ,1.06,1.02,3.92,1.88,-43.6,0.1,Commercial Services,Advertising/Marketing Services,United States,-2.75,,-16.5,-3.6,-9.4,,是
WIMI,WiMi Hologram Cloud Inc.,NASDAQ,0.74,0.69,7.1,5.04,-85.3,0.1,Technology Services,Packaged Software,China,2.06,0.8,-84.1,-50.5,-43.3,,
HIND,"Vyome Holdings, Inc.",NASDAQ,1.93,1.75,10.29,6.56,-70.6,0.1,Health Technology,Pharmaceuticals: Major,United States,-4.46,,-64.2,-12.5,-10.6,,是
AUST,Austin Gold Corp.,AMEX,0.98,0.87,12.68,3.92,-75.0,0.1,Non-Energy Minerals,Precious Metals,Canada,1.06,,-44.6,-14.8,-17.6,,是
RCT,RedCloud Holdings plc,NASDAQ,0.19,0.17,14.18,2.39,-91.9,0.1,Technology Services,Packaged Software,United Kingdom,4.58,,-90.4,-22.5,-14.2,,
BRN,"Barnwell Industries, Inc.",AMEX,0.92,0.91,0.78,1.4,-34.3,0.1,Energy Minerals,Integrated Oil,United States,-2.37,,-32.8,-9.8,-5.1,,是
WETH,Wetouch Technology Inc.,NASDAQ,0.99,0.92,7.65,3.68,-73.1,0.1,Electronic Technology,Electronic Equipment/Instruments,China,-2.9,1.4,-17.5,-17.5,-13.1,,
XCH,XCHG Limited,NASDAQ,3.21,2.81,14.22,49.98,-93.6,0.1,Producer Manufacturing,Electrical Products,Germany,-3.02,,-86.7,-78.0,-13.2,,是
OFAL,OFA Group,NASDAQ,0.49,0.45,8.98,12.9,-96.2,0.1,Industrial Services,Engineering & Construction,Hong Kong,-5.45,,-96.1,-74.9,-38.4,,
LTRN,Lantern Pharma Inc.,NASDAQ,1.01,0.97,4.12,4.7,-78.5,0.1,Health Technology,Pharmaceuticals: Major,United States,-6.91,,-77.8,-75.2,-50.5,,是
DFLI,Dragonfly Energy Holdings Corp,NASDAQ,0.85,0.8,6.3,26.1,-96.7,0.1,Producer Manufacturing,Electrical Products,United States,-1.1,,-88.6,-56.4,-22.7,,是
AIRI,Air Industries Group,AMEX,2.55,2.3,10.87,3.95,-35.4,0.1,Electronic Technology,Aerospace & Defense,United States,0,,-17.5,-15.3,-5.6,,是
BIYA,Baiya International Group Inc.,NASDAQ,1.96,1.9,3.16,167.97,-98.8,0.1,Commercial Services,Personnel Services,China,-4.39,,-98.6,-64.4,-12.9,,是
PLUR,Pluri Inc.,NASDAQ,1,0.9,11.11,4.87,-79.4,0.1,Health Technology,Biotechnology,Israel,-0.89,,-78.4,-52.6,-34.6,,是
CTSO,Cytosorbents Corporation,NASDAQ,3.9,3.77,3.59,20.4,-80.9,0.1,Health Technology,Medical Specialties,United States,-2.5,,-78.9,-49.5,-42.8,,是
UCL,uCloudlink Group Inc.,NASDAQ,0.33,0.31,6.03,2.63,-87.5,0.1,Technology Services,Information Technology Services,Hong Kong,2.78,,-85.7,-63.9,-12.5,,是
TULP,"Bloomia Holdings, Inc.",NASDAQ,2.5,2.34,6.84,5.53,-54.8,0.1,Commercial Services,Advertising/Marketing Services,United States,-13.79,,-49.8,-33.3,-26.5,,是
OPTT,"Ocean Power Technologies, Inc.",AMEX,1.34,1.27,5.51,21.6,-93.8,0.1,Producer Manufacturing,Electrical Products,United States,-1.47,,-91.2,-83.8,-73.4,,是
ICMB,"Investcorp Credit Management BDC, Inc.",NASDAQ,0.83,0.73,13.56,3.12,-73.4,0.1,Finance,Financial Conglomerates,United States,-2.39,,-70.3,-8.3,-1.6,,是
SLGB,Smart Logistics Global Limited,NASDAQ,0.28,0.27,4.15,6.08,-95.5,0.1,Transportation,Air Freight/Couriers,Hong Kong,-0.76,,-94.9,-59.5,-44.8,,
CMMB,Chemomab Therapeutics Ltd.,NASDAQ,1.19,1.05,13.23,3.58,-66.8,0.1,Health Technology,Biotechnology,Israel,-26.09,,-56.3,-32.0,-55.9,,是
NUR,Nuran Wireless Inc.,NASDAQ,0.87,0.86,1.14,7.72,-88.7,0.1,Distribution Services,Electronics Distributors,Canada,-10.18,,-86.5,-84.4,-56.6,,是
DDC,DDC Enterprise Limited,AMEX,0.2,0.18,8.83,9.76,-98.0,0.1,Technology Services,Internet Software/Services,United States,-6.26,,-97.7,-80.0,-52.8,,
EDUC,Educational Development Corporation,NASDAQ,1.3,1.2,8.33,1.73,-24.9,0.1,Consumer Services,Publishing: Books/Magazines,United States,-0.38,5.7,-1.7,-17.7,-4.4,,
IRIX,IRIDEX Corporation,NASDAQ,0.63,0.61,3.79,1.65,-61.8,0.1,Health Technology,Medical Specialties,United States,-0.79,,-45.2,-45.2,-12.5,,是
CALC,"CalciMedica, Inc.",NASDAQ,1.62,1.58,2.53,36,-95.5,0.1,Health Technology,Biotechnology,United States,0.62,,-89.3,-68.5,-29.6,,是
INTS,"Intensity Therapeutics, Inc.",NASDAQ,3.37,3.27,3.06,43.5,-92.3,0.1,Health Technology,Biotechnology,United States,-1.46,,-45.2,-19.0,-21.1,,是
BTOC,Armlogi Holding Corp.,NASDAQ,0.24,0.23,5.16,0.95,-75.0,0.1,Transportation,Other Transportation,United States,-1.58,,-71.8,-23.7,-21.5,,是
HCTI,"Healthcare Triangle, Inc.",NASDAQ,0.72,0.65,10.4,204.0,-99.6,0.1,Technology Services,Information Technology Services,United States,8.48,,-99.5,-63.0,-16.6,,是
BIOT,Instinct Bio Technical Company Holdings Inc.,NASDAQ,0.37,0.33,13.03,50,-99.3,0.1,Finance,Financial Conglomerates,Japan,-0.96,,-97.4,-95.3,-11.2,,是
MSAI,"MultiSensor AI Holdings, Inc.",NASDAQ,4.86,4.4,10.45,96,-94.9,0.1,Electronic Technology,Computer Communications,United States,2.32,,-82.4,-9.8,-6.9,,是
SCNX,"Scienture Holdings, Inc.",NASDAQ,0.26,0.24,9.07,2.6,-90.0,0.1,Commercial Services,Miscellaneous Commercial Services,United States,-2.55,,-68.5,-27.8,-34.1,,
VWAV,"VisionWave Holdings, Inc.",NASDAQ,4.42,3.9,13.33,316,-98.6,0.1,Technology Services,Packaged Software,United States,6.25,,-97.7,-94.6,-74.9,,
MMA,Mixed Martial Arts Group Limited,AMEX,0.4,0.35,14.87,1.73,-77.1,0.1,Consumer Services,Other Consumer Services,Australia,1.79,,-74.2,-26.5,-10.0,,
TOMZ,"TOMI Environmental Solutions, Inc.",NASDAQ,1.27,1.21,4.96,3.32,-61.8,0.1,Producer Manufacturing,Industrial Machinery,United States,-8.63,,-57.7,-49.9,-25.3,,是
GYRO,"Gyrodyne , LLC",NASDAQ,4.67,4.62,1.19,10.85,-56.9,0.1,Finance,Real Estate Development,United States,-0.74,,-53.7,-23.7,-8.3,,
MDCX,Medicus Pharma Ltd.,NASDAQ,0.16,0.14,11.81,2.78,-94.2,0.1,Health Technology,Biotechnology,Canada,2.81,,-93.4,-59.8,-36.9,,是
GFAI,"Guardforce AI Co., Limited",NASDAQ,0.32,0.31,4.88,1.23,-74.0,0.1,Technology Services,Information Technology Services,Singapore,0,,-71.7,-19.9,-16.9,,是
AWX,Avalon Holdings Corporation,AMEX,2.52,2.43,3.7,5.43,-53.6,0.1,Industrial Services,Environmental Services,United States,-0.79,8.2,-3.4,1.6,-1.2,,
FLUX,"Flux Power Holdings, Inc.",NASDAQ,0.45,0.44,1.53,7.55,-94.0,0.1,Producer Manufacturing,Electrical Products,United States,-0.11,,-90.2,-53.0,-25.4,,是
HUDI,"Huadi International Group Co., Ltd.",NASDAQ,0.68,0.66,3.05,1.67,-59.3,0.1,Non-Energy Minerals,Steel,China,-5.53,,-51.8,-22.8,-17.1,,是
SNTI,"Senti Biosciences Holdings, Inc.",NASDAQ,0.31,0.29,7.66,2.88,-89.2,0.1,Health Technology,Biotechnology,United States,1.53,,-78.0,-71.1,-14.2,,是
CISO,"CISO Global, Inc.",NASDAQ,0.21,0.2,4.41,1.48,-85.9,0.1,Technology Services,Information Technology Services,United States,1.02,,-81.0,-30.5,-5.2,,是
PRPL,"Purple Innovation, Inc.",NASDAQ,2.19,2.19,0.0,24.75,-91.2,0.1,Consumer Durables,Home Furnishings,United States,-3.1,,-91.1,-75.6,-48.5,,是
GYGY,"Game Your Game, Inc.",NASDAQ,0.66,0.66,0.01,32.66,-98.0,0.1,Technology Services,Packaged Software,United States,-10.05,,-97.1,-97.1,-42.6,,
AMS,American Shared Hospital Services,AMEX,1.42,1.25,13.6,2.59,-45.2,0.1,Finance,Finance/Rental/Leasing,United States,-1.39,,-52.3,-7.8,-1.4,,是
CLIK,Click Holdings Limited,NASDAQ,1.1,0.96,14.66,11.8,-90.7,0.1,Commercial Services,Personnel Services,Hong Kong,-3.45,,-87.9,-25.2,-19.7,,
NMTC,NeuroOne Medical Technologies Corporation,NASDAQ,1.03,1.01,1.98,6.96,-85.2,0.1,Health Technology,Medical Specialties,United States,-5.5,,-80.4,-66.6,-39.4,,是
AIMD,"Ainos, Inc.",NASDAQ,1.27,1.2,5.83,4.44,-71.4,0.1,Electronic Technology,Electronic Equipment/Instruments,United States,2.42,,-64.1,-38.3,-8.6,,是
DCX,Digital Currency X Technology Inc.,NASDAQ,3.71,3.44,7.85,35923.2,-100.0,0.1,Consumer Durables,Motor Vehicles,Cayman Islands,2.77,,-100.0,-97.8,-97.1,,
MPU,Mega Matrix Inc.,AMEX,2.7,2.63,2.66,28,-90.4,0.1,Finance,Finance/Rental/Leasing,Singapore,-8.47,,-89.6,-55.1,-39.9,,是
NIXX,"Nixxy, Inc.",NASDAQ,0.32,0.29,9.17,1.97,-83.9,0.1,Commercial Services,Personnel Services,United States,1.89,,-78.2,-81.4,-51.3,,是
TPET,Trio Petroleum Corp.,AMEX,1.69,1.65,2.3,22.5,-92.5,0.1,Energy Minerals,Integrated Oil,United States,0,,-82.9,-36.3,-10.1,,是
AQMS,"Aqua Metals, Inc.",NASDAQ,2.47,2.16,14.35,39.4,-93.7,0.1,Non-Energy Minerals,Other Metals/Minerals,United States,-6.44,,-65.2,-20.1,-11.2,,是
ENLV,Enlivex Ltd.,NASDAQ,0.5,0.47,6.98,27.15,-98.1,0.1,Health Technology,Biotechnology,Israel,4.73,,-96.7,-93.8,-62.2,,
WVVI,"Willamette Valley Vineyards, Inc.",NASDAQ,1.75,1.72,1.74,4.0,-56.2,0.1,Consumer Non-Durables,Beverages: Alcoholic,United States,-1.69,,-52.2,-35.9,-20.8,,是
CRMT,"America's Car-Mart, Inc.",NASDAQ,1.02,1.0,1.99,30.75,-96.7,0.1,Retail Trade,Specialty Stores,United States,0,,-96.5,-63.6,-56.8,,是
MARPS,Marine Petroleum Trust,NASDAQ,4.24,4.05,4.69,6.49,-34.7,0.1,Miscellaneous,Investment Trusts/Mutual Funds,United States,-3.2,12.9,-10.4,-8.6,-4.9,,
NRSN,NeuroSense Therapeutics Ltd.,NASDAQ,4.43,4,10.75,26.64,-83.4,0.1,Health Technology,Pharmaceuticals: Major,Israel,-7.32,,-82.8,-70.3,-50.8,,
BGL,Blue Gold Limited,NASDAQ,0.19,0.18,6.67,11.59,-98.3,0.1,Non-Energy Minerals,Precious Metals,Cayman Islands,-2.64,,-98.0,-35.4,-4.0,,
KALA,"KALA BIO, Inc.",NASDAQ,0.43,0.4,7.06,95.5,-99.6,0.1,Health Technology,Pharmaceuticals: Major,United States,-14.7,,-99.5,-76.1,-36.7,,是
KNRX,KNOREX LTD.,AMEX,0.32,0.28,12.89,3.45,-90.8,0.1,Technology Services,Packaged Software,Singapore,-14.57,,-90.2,-35.5,-23.4,,
MTEK,Maris-Tech Ltd.,NASDAQ,0.76,0.75,1.32,2.82,-73.1,0.1,Consumer Durables,Electronics/Appliances,Israel,-8.96,,-63.1,-24.8,-31.0,,是
BAOS,Baosheng Media Group Holdings Limited,NASDAQ,0.24,0.23,3.6,5.22,-95.4,0.1,Commercial Services,Advertising/Marketing Services,China,0.51,,-93.4,-91.0,-29.8,,
SURG,"SurgePays, Inc.",NASDAQ,0.15,0.13,11.75,3.14,-95.2,0.1,Technology Services,Packaged Software,United States,-0.27,,-94.8,-74.2,-11.6,,是
AIRE,reAlpha Tech Corp.,NASDAQ,1.32,1.25,5.6,32.5,-95.9,0.1,Technology Services,Packaged Software,United States,-2.22,,-93.1,-32.7,-18.0,,是
WOK,WORK Medical Technology Group LTD,NASDAQ,1.77,1.75,1.14,83600,-100.0,0.1,Health Technology,Medical Specialties,China,-2.21,,-99.8,-14.5,-24.0,,是
RVSN,Rail Vision Ltd.,NASDAQ,3.58,3.26,9.82,29.57,-87.9,0.1,Transportation,Other Transportation,Israel,-1.38,,-73.6,-24.3,-18.6,,是
XCUR,"Exicure, Inc.",NASDAQ,1.19,1.05,13.32,9.48,-87.4,0.1,Health Technology,Biotechnology,United States,4.38,,-70.0,-39.3,-9.2,,是
XHLD,"TEN Holdings, Inc.",NASDAQ,0.65,0.62,5.24,15.43,-95.8,0.1,Commercial Services,Miscellaneous Commercial Services,United States,-12.78,,-85.6,-68.4,-93.1,,是
NXTT,Next Technology Holding Inc.,NASDAQ,5.22,4.6,13.41,2842,-99.8,0.1,Technology Services,Packaged Software,Japan,2.36,,-99.8,-96.1,-14.4,,是
AMOD,"Alpha Modus Holdings, Inc.",NASDAQ,1.55,1.46,6.16,52,-97.0,0.1,Technology Services,Packaged Software,United States,-1.9,,-96.7,-67.0,-37.0,,是
SEGG,Sports Entertainment Gaming Global Corporation,NASDAQ,2.32,2.25,3.11,35.84,-93.5,0.1,Consumer Services,Movies/Entertainment,United States,-5.31,,-92.6,-63.7,-18.9,,
THH,TryHard Holdings Limited,NASDAQ,1.51,1.34,12.99,550.5,-99.7,0.1,Consumer Services,Media Conglomerates,Japan,-1.31,,-98.0,-47.3,-24.9,,
FFAI,Faraday Future Intelligent Electric Inc.,NASDAQ,1.21,1.2,0.83,252.0,-99.5,0.1,Consumer Durables,Motor Vehicles,United States,-6.92,,-99.4,-96.8,-46.2,,是
IMNN,"Imunon, Inc.",NASDAQ,1.29,1.28,0.78,5.55,-76.8,0.1,Health Technology,Biotechnology,United States,-3.37,,-75.0,-31.0,-19.4,,是
GWAV,"Greenwave Technology Solutions, Inc.",NASDAQ,2.42,2.19,10.5,24,-89.9,0.1,Commercial Services,Miscellaneous Commercial Services,United States,-2.42,,-63.8,-26.4,-47.5,,是
VNRX,VolitionRX Limited,AMEX,0.26,0.23,11.88,13.4,-98.1,0.1,Health Technology,Medical Specialties,United States,0.74,,-98.0,-80.9,-35.9,,是
SMX,SMX (Security Matters) Public Limited Company,NASDAQ,6.61,6.19,6.85,109340.74,-100.0,0.1,Technology Services,Packaged Software,Ireland,-9.45,,-100.0,-55.7,-60.1,,是
SKYE,"Skye Bioscience, Inc.",NASDAQ,1.61,1.5,7.33,39.92,-96.0,0.1,Health Technology,Pharmaceuticals: Major,United States,1.26,,-95.0,-70.9,-8.0,,是
UCAR,U Power Limited,NASDAQ,4.01,3.5,14.57,438,-99.1,0.1,Consumer Durables,Motor Vehicles,China,-0.99,,-99.0,-83.3,-66.6,,
PRSO,Peraso Inc.,NASDAQ,0.47,0.46,3.34,2.37,-80.2,0.1,Electronic Technology,Semiconductors,United States,-2.79,,-60.8,-46.6,-27.4,,是
ACXP,"Acurx Pharmaceuticals, Inc.",NASDAQ,1.26,1.23,2.44,8.34,-84.9,0.1,Health Technology,Pharmaceuticals: Major,United States,-3.45,,-69.9,-20.8,-12.5,,是
YHGJ,Yunhong Green CTI Ltd.,NASDAQ,2.63,2.38,10.5,10.29,-74.4,0.1,Producer Manufacturing,Miscellaneous Manufacturing,United States,0,,-49.3,-17.8,-7.4,,是
AIM,AIM ImmunoTech Inc.,AMEX,0.17,0.17,5.49,2.88,-93.9,0.1,Health Technology,Pharmaceuticals: Major,United States,0.86,,-93.7,-41.7,-52.8,,是
GWH,"ESS Tech, Inc.",NYSE,0.17,0.17,0.71,13.87,-98.8,0.1,Producer Manufacturing,Electrical Products,United States,-5.56,,-89.9,-82.1,-53.7,,是
TKLF,"Tokyo Lifestyle Co., Ltd.",NASDAQ,1.52,1.5,1.33,3.91,-61.1,0.1,Retail Trade,Internet Retail,Japan,-3.8,9.1,-58.5,-24,-10.1,,
LEXX,Lexaria Bioscience Corp.,NASDAQ,3.15,2.8,12.5,21.6,-85.4,0.1,Health Technology,Pharmaceuticals: Major,Canada,0.64,,-78.4,-63.2,-69.4,,是
AUID,authID Inc.,NASDAQ,0.38,0.34,10.71,3.09,-87.7,0.1,Electronic Technology,Semiconductors,United States,4.28,,-88.6,-66.3,-34.4,,是
EVGN,Evogene Ltd.,NASDAQ,0.4,0.35,12.78,1.5,-73.5,0.1,Health Technology,Biotechnology,Israel,-3.15,,-66.1,-5.5,-27.4,,是
SOS,SOS Limited,NYSE,0.33,0.29,14.45,2.29,-85.5,0.1,Technology Services,Internet Software/Services,China,-7.5,,-83.1,-67.1,-64.1,,
NIKI,"Niki BioSolutions, Inc.",NASDAQ,4.9,4.52,8.41,25.9,-81.1,0.1,Health Technology,Pharmaceuticals: Major,United States,3.38,,-75,-39.6,-26.8,,
GXAI,Gaxos.ai Inc.,NASDAQ,0.54,0.51,5.8,2.63,-79.3,0.1,Technology Services,Packaged Software,United States,-1.27,,-66.7,-54.0,-30.5,,是
CXAI,CXApp Inc.,NASDAQ,2.54,2.39,6.28,51.99,-95.1,0.1,Technology Services,Packaged Software,United States,0.4,,-93.2,-70.8,-28.7,,是
GDC,GD Culture Group Limited,NASDAQ,1.39,1.24,12.1,2044.97,-99.9,0.1,Technology Services,Packaged Software,United States,2.96,,-99.9,-35.0,-8.6,,是
AGRZ,Agroz Inc.,NASDAQ,3.12,3,4.0,144,-97.8,0.1,Industrial Services,Engineering & Construction,Malaysia,-4.59,,-96.1,-58.9,-34.6,,
CPOP,"Pop Culture Group Co., Ltd",NASDAQ,3.37,3.06,9.97,382.5,-99.1,0.1,Commercial Services,Advertising/Marketing Services,China,-23.17,,-97.5,-75.5,-34.8,,
AIDX,"20/20 Biolabs, Inc.",NASDAQ,0.44,0.4,9.12,50,-99.1,0.1,Health Services,Medical/Nursing Services,United States,6.7,,-99.1,-31.3,-32.8,,是
KAPA,"Kairos Pharma, Ltd.",AMEX,1.64,1.51,8.61,9.59,-82.9,0.1,Health Technology,Pharmaceuticals: Major,United States,-1.2,,-79.3,-35.3,-2.8,,是
INBS,Intelligent Bio Solutions Inc.,NASDAQ,1.67,1.52,9.87,24.9,-93.3,0.1,Health Services,Medical/Nursing Services,United States,2.45,,-85.4,-26.1,-29.8,,是
ICCM,IceCure Medical Ltd.,NASDAQ,1.61,1.56,3.53,42,-96.2,0.1,Health Technology,Medical Specialties,Israel,1.57,,-94.8,-70.1,-30.7,,是
AMSS,AMASS Brands Inc.,NASDAQ,0.47,0.44,7.66,17,-97.2,0.1,Distribution Services,Food Distributors,United States,7.41,,-97.2,-75.5,-42.8,,
NVNO,enVVeno Medical Corporation,NASDAQ,7.8,7.01,11.27,35.17,-77.8,0.1,Health Technology,Medical Specialties,United States,-9.57,,-76.5,-27.5,-25.8,,是
BYAH,"Park Ha Biological Technology Co., Ltd.",NASDAQ,2.31,2.04,13.24,199,-98.8,0.1,Consumer Non-Durables,Household/Personal Care,China,-4.94,,-98.8,-69.9,-18.1,,是
MRM,MEDIROM Healthcare Technologies Inc.,NASDAQ,0.66,0.6,9.68,2.85,-76.9,0.1,Consumer Services,Other Consumer Services,Japan,-3.92,,-72.6,-34.8,-30.4,,
ERNA,Ernexa Therapeutics Inc.,NASDAQ,3.2,3.04,5.11,71.5,-95.5,0.1,Health Technology,Pharmaceuticals: Major,United States,1.27,,-89.1,-51.7,-31.6,,是
NCNA,NuCana plc,NASDAQ,1.35,1.21,11.57,7.22,-81.3,0.1,Health Technology,Biotechnology,United Kingdom,11.57,,-64.9,-8.2,-12.9,,是
POLA,"Polar Power, Inc.",NASDAQ,1.21,1.12,8.04,5.75,-79.0,0.1,Electronic Technology,Electronic Equipment/Instruments,United States,-1.63,,-65.4,-30.1,-13.6,,是
YCBD,"cbdMD, Inc.",AMEX,0.45,0.41,10.49,2.56,-82.3,0.1,Health Technology,Pharmaceuticals: Other,United States,-3.41,,-64.3,-33.4,-9.0,,是
LIMN,"Liminatus Pharma, Inc.",NASDAQ,3.73,3.29,13.37,141.5,-97.4,0.1,Health Technology,Pharmaceuticals: Major,United States,-4.6,,-95.5,-55.1,-12.0,,是
VVOS,"Vivos Therapeutics, Inc.",NASDAQ,0.15,0.13,14.74,3.42,-95.7,0.0,Health Technology,Medical Specialties,United States,-1.73,,-95.3,-69.4,-62.6,,是
FBGL,FBS Global Limited,NASDAQ,3.63,3.23,12.38,14,-74.1,0.0,Industrial Services,Engineering & Construction,Singapore,-9.48,,-51.3,-27.8,-13.4,,
BMGL,Basel Medical Group Ltd,NASDAQ,3.12,3.03,2.97,21.72,-85.6,0.0,Health Services,Medical/Nursing Services,Singapore,0.65,,-85.5,-55.4,-38.7,,
SNTG,Sentage Holdings Inc.,NASDAQ,1.68,1.58,6.33,3.39,-50.4,0.0,Finance,Finance/Rental/Leasing,China,-4.0,,-49.5,-18.0,-5.0,,
OLB,"The OLB Group, Inc.",NASDAQ,0.19,0.18,9.34,1.8,-89.2,0.0,Technology Services,Internet Software/Services,United States,1.94,,-84.4,-49.9,-34.6,,是
RMSG,Real Messenger Corporation,NASDAQ,0.29,0.25,14.18,3.9,-92.7,0.0,Technology Services,Packaged Software,United States,-3.34,,-88.1,-43.7,-17.7,,
XELB,"Xcel Brands, Inc",NASDAQ,0.7,0.62,12.0,2.66,-73.7,0.0,Consumer Non-Durables,Apparel/Footwear,United States,-1.8,,-61.1,-60,-26.3,,是
PCSA,"Processa Pharmaceuticals, Inc.",NASDAQ,1.64,1.57,4.46,14.24,-88.5,0.0,Health Technology,Pharmaceuticals: Major,United States,-6.82,,-67.2,-21.9,-21.2,,是
UZX,Linkage Global Inc,NASDAQ,1.37,1.34,2.24,71.3,-98.1,0.0,Technology Services,Packaged Software,Japan,-14.37,,-96.9,-82.6,-50.4,,是
DPU,Top KingWin Ltd,NASDAQ,1.52,1.46,4.11,4.4,-65.5,0.0,Commercial Services,Miscellaneous Commercial Services,China,2.7,,-63.8,-19.8,-28.0,,是
BRNX,BrenX Ltd.,NASDAQ,2.34,2.06,13.5,409.5,-99.4,0.0,Industrial Services,Engineering & Construction,Israel,2.18,,-99.3,-54.2,-48,,是
MTR,Mesa Royalty Trust,NYSE,2.44,2.17,12.44,5.83,-58.1,0.0,Miscellaneous,Investment Trusts/Mutual Funds,United States,1.24,13.8,-53.0,-21.9,7.5,,
VIVK,"Vivakor, Inc.",NASDAQ,0.51,0.5,1.86,2384,-100.0,0.0,Process Industries,Chemicals: Specialty,United States,-1.91,,-100.0,-92.7,-40.1,,是
TOPS,"TOP Ships, Inc.",AMEX,0.58,0.55,5.29,7.4,-92.2,0.0,Transportation,Marine Shipping,Greece,-7.09,,-89.9,-27.6,-23.3,,
HCAI,"Huachen AI Parking Management Technology Holding Co., Ltd.",NASDAQ,0.53,0.49,9.75,25.99,-97.9,0.0,Producer Manufacturing,Industrial Machinery,China,-0.39,,-96.8,-93.8,-88.4,,
IVF,"INVO Fertility, Inc.",NASDAQ,0.91,0.9,1.12,84.4,-98.9,0.0,Health Services,Medical/Nursing Services,United States,-0.09,,-97.2,-50.3,-11.6,,是
TRIB,Trinity Biotech plc,NASDAQ,6.43,6.32,1.74,52.5,-87.8,0.0,Health Technology,Medical Specialties,Ireland,-4.03,,-79.2,-38.6,-33.1,,是
SDST,Stardust Power Inc.,NASDAQ,0.11,0.1,9.28,7.67,-98.6,0.0,Process Industries,Chemicals: Specialty,United States,1.73,,-96.6,-93.8,-73.1,,是
SGLY,Singularity Future Technology Ltd.,NASDAQ,0.77,0.75,2.03,17.08,-95.5,0.0,Transportation,Air Freight/Couriers,United States,-3.42,,-95.7,-82.4,-46.9,,是
NTCL,NETCLASS TECHNOLOGY INC,NASDAQ,1.95,1.74,12.39,155,-98.7,0.0,Technology Services,Packaged Software,Singapore,-1.52,,-97.6,-61,-19.1,,是
TAOP,Taoping Inc.,NASDAQ,0.41,0.38,7.08,3.4,-87.9,0.0,Technology Services,Packaged Software,China,-10.46,,-85.9,-68.9,-48.7,,是
CLDI,"Calidi Biotherapeutics, Inc.",AMEX,1.07,1.03,3.88,27.84,-96.2,0.0,Health Technology,Biotechnology,United States,-0.93,,-95.6,-56.7,-18.9,,是
CVKD,"Cadrenal Therapeutics, Inc.",NASDAQ,1.08,1,8.0,14.64,-92.6,0.0,Health Technology,Biotechnology,United States,-0.92,,-92.0,-65.0,-34.1,,是
HCWB,HCW Biologics Inc.,NASDAQ,1.71,1.5,14.0,29.28,-94.2,0.0,Health Technology,Biotechnology,United States,-2.29,,-92.4,-61.9,-52.5,,是
BJDX,"Bluejay Diagnostics, Inc.",NASDAQ,0.85,0.8,6.84,16.68,-94.9,0.0,Health Technology,Medical Specialties,United States,-8.96,,-85.9,-27.6,-5.6,,是
SNES,"SenesTech, Inc.",NASDAQ,0.68,0.63,8.25,4.45,-84.8,0.0,Process Industries,Chemicals: Agricultural,United States,4.11,,-85.1,-54.9,-40.1,,是
TRNR,Interactive Strength Inc.,NASDAQ,2.25,2.21,1.81,261.1,-99.1,0.0,Retail Trade,Specialty Stores,United States,-2.17,,-99.1,-49.2,-24.7,,是
WLDS,Wearable Devices Ltd.,NASDAQ,1.48,1.3,13.85,49.5,-97.0,0.0,Electronic Technology,Electronic Equipment/Instruments,Israel,-0.67,,-96.4,-14.0,-35.4,,是
EOCN,Eocene Ltd.,NASDAQ,3.49,3.27,6.83,13.2,-73.6,0.0,Health Technology,Pharmaceuticals: Major,Israel,-1.69,,-68.9,-27.2,-13.6,,是
DCOY,Decoy Therapeutics Inc.,NASDAQ,1.97,1.92,2.87,55.92,-96.5,0.0,Health Technology,Biotechnology,United States,-7.51,,-95.8,-72.9,-34.6,,是
CTNT,Cheetah Net Supply Chain Service Inc.,NASDAQ,2.71,2.65,2.26,63599.58,-100.0,0.0,Industrial Services,Engineering & Construction,United States,-5.57,,-100.0,-99.0,-98.8,,是
LGCL,Lucas GC Limited,NASDAQ,2.77,2.66,4.14,850,-99.7,0.0,Commercial Services,Personnel Services,China,-1.77,,-99.6,-98.5,-38.6,,
CETX,Cemtrex Inc.,NASDAQ,2.09,1.98,5.56,97,-97.8,0.0,Electronic Technology,Electronic Equipment/Instruments,United States,1.7,,-96.3,-38.3,-19.3,,是
BGLC,BioNexus Gene Lab Corp,NASDAQ,1.22,1.07,14.02,5.89,-79.3,0.0,Distribution Services,Wholesale Distributors,Malaysia,-3.94,,-77.9,-40.5,-17.6,,是
NXL,"Nexalin Technology, Inc.",NASDAQ,4.28,4,7.0,60,-92.9,0.0,Health Technology,Medical Specialties,United States,-1.61,,-84.7,-64.0,-31.8,,是
VIVS,"VivoSim Labs, Inc.",NASDAQ,0.21,0.2,5.84,3.54,-94.0,0.0,Health Technology,Biotechnology,United States,4.69,,-93.0,-79.8,-26.9,,是
MBIO,"Mustang Bio, Inc.",NASDAQ,0.46,0.46,1.14,1.85,-75.0,0.0,Health Technology,Pharmaceuticals: Major,United States,-3.46,,-70.1,-33.7,-14.0,,是
PAVS,Paranovus Entertainment Technology Ltd.,NASDAQ,4.03,3.76,7.18,148800,-100.0,0.0,Health Technology,Pharmaceuticals: Other,United States,1.0,,-100.0,-41.9,-20.2,,是
EHGO,Eshallgo Inc.,NASDAQ,0.7,0.64,9.07,11.2,-93.8,0.0,Distribution Services,Wholesale Distributors,China,1.23,,-93.0,-70.3,-38.7,,是
GOVX,"GeoVax Labs, Inc.",NASDAQ,0.33,0.33,0.33,15.75,-97.9,0.0,Health Technology,Biotechnology,United States,-5.09,,-97.8,-73.9,-49.4,,是
FMFC,Kandal M Venture Limited,NASDAQ,0.18,0.17,4.89,15.75,-98.8,0.0,Consumer Non-Durables,Consumer Sundries,Cambodia,-0.05,14.1,-98.8,-31.0,-23.8,,
SBFM,Sunshine Biopharma Inc.,NASDAQ,0.77,0.77,0.0,24.3,-96.8,0.0,Health Technology,Pharmaceuticals: Major,United States,-1.83,,-94.8,-64.0,-32.2,,是
RIME,"Algorhythm Holdings, Inc.",NASDAQ,0.16,0.14,12.55,4.58,-96.4,0.0,Consumer Services,Movies/Entertainment,United States,0.12,,-93.7,-73.5,-35.7,,是
DKI,DarkIris Inc.,NASDAQ,1.57,1.41,11.34,20,-92.2,0.0,Technology Services,Packaged Software,Hong Kong,-38.43,,-99.1,-65.3,-55.1,,是
REVB,"Revelation Biosciences, Inc.",NASDAQ,0.82,0.81,0.71,6.76,-87.9,0.0,Health Technology,Biotechnology,United States,0.37,,-85.6,-24.4,-22.9,,是
BRTX,"BioRestorative Therapies, Inc.",NASDAQ,2.33,2.26,3.1,34.6,-93.3,0.0,Health Technology,Medical Specialties,United States,0,,-92.0,-71.0,-41.8,,是
JUNS,"Jupiter Neurosciences, Inc.",NASDAQ,2.44,2.35,3.83,135.75,-98.2,0.0,Health Technology,Pharmaceuticals: Major,United States,-5.43,,-98.2,-85.3,-18.7,,是
TOPP,Toppoint Holdings Inc.,AMEX,0.13,0.12,11.99,3.49,-96.3,0.0,Transportation,Trucking,United States,2.3,,-89.0,-85.7,-31.6,,是
CAPS,Capstone Holding Corp.,NASDAQ,0.14,0.14,2.64,1.44,-90.0,0.0,Distribution Services,Wholesale Distributors,United States,-7.4,,-88.9,-46.6,-21.8,,是
PPCB,"Propanc Biopharma, Inc.",NASDAQ,0.49,0.47,4.79,52.5,-99.1,0.0,Health Technology,Biotechnology,Australia,-3.57,,-98.9,-75.5,-61.7,,是
XRTX,XORTX Therapeutics Inc.,NASDAQ,1.69,1.59,6.28,7.05,-76.0,0.0,Health Technology,Pharmaceuticals: Major,Canada,-0.59,,-58.2,-22.7,-22.5,,是
OCG,Oriental Culture Holding LTD,NASDAQ,1.57,1.37,14.6,12731.28,-100.0,0.0,Retail Trade,Specialty Stores,Hong Kong,8.28,,-99.9,-6.5,-1.9,,
SSM,Sono Group N.V.,NASDAQ,1.12,1.05,6.67,10.54,-89.4,0.0,Consumer Durables,Motor Vehicles,Germany,-0.88,,-86.6,-72.9,-58.5,,是
MASK,3 E Network Technology Group Ltd,NASDAQ,0.81,0.8,1.2,22.25,-96.3,0.0,Technology Services,Information Technology Services,China,-3.61,,-94.3,-58.5,-42.4,,
NCI,Neo-Concept International Group Holdings Limited,NASDAQ,1.26,1.1,14.55,110.48,-98.9,0.0,Retail Trade,Apparel/Footwear Retail,Hong Kong,0,,-91.2,-89.0,-89.8,,
KITT,"Nauticus Robotics, Inc.",NASDAQ,1.91,1.72,10.94,175.2,-98.9,0.0,Producer Manufacturing,Industrial Machinery,United States,2.69,,-98.7,-74.5,-61.2,,是
ISPC,iSpecimen Inc.,NASDAQ,1.18,1.15,2.61,52,-97.7,0.0,Commercial Services,Miscellaneous Commercial Services,United States,-4.07,,-97.5,-56.3,-22.4,,是
TC,Token Cat Limited,NASDAQ,1.7,1.49,14.09,19.99,-91.5,0.0,Commercial Services,Miscellaneous Commercial Services,China,-0.58,,-87.7,-51.4,-18.7,,
VRAX,Virax Biolabs Group Limited,NASDAQ,2.18,2.04,7.06,21.75,-90.0,0.0,Finance,Financial Conglomerates,United Kingdom,-2.06,,-85.3,-19.1,-25.2,,是
RDHL,Redhill Biopharma Ltd.,NASDAQ,0.48,0.48,1.01,2.6,-81.5,0.0,Health Technology,Pharmaceuticals: Major,Israel,-0.27,,-79.5,-45.5,-64.7,,
PRFX,PRF Technologies Ltd.,NASDAQ,0.95,0.85,11.55,7.95,-88.0,0.0,Health Technology,Pharmaceuticals: Major,Israel,0.56,,-86.7,-30.1,-1.0,,是
ELAB,PMGC Holdings Inc.,NASDAQ,3.54,3.4,4.12,2671.2,-99.9,0.0,Health Technology,Biotechnology,United States,-3.54,,-99.7,-68.9,-33.3,,是
KUST,"Kustom Entertainment, Inc.",NASDAQ,0.42,0.41,3.22,32.4,-98.7,0.0,Commercial Services,Miscellaneous Commercial Services,United States,-21.62,,-98.6,-64.7,-54.0,,是
CMND,Clearmind Medicine Inc.,NASDAQ,0.81,0.77,4.56,480,-99.8,0.0,Non-Energy Minerals,Other Metals/Minerals,Canada,-0.77,,-99.8,-64.7,-55.8,,是
RCON,"Recon Technology, Ltd.",NASDAQ,1.29,1.2,7.5,414.58,-99.7,0.0,Distribution Services,Electronics Distributors,China,4.88,,-99.7,-98.5,-19.9,,是
NUWE,"Nuwellis, Inc.",NASDAQ,0.72,0.71,1.24,172.9,-99.6,0.0,Health Technology,Medical Specialties,United States,-3.47,,-99.4,-77.1,-18.2,,是
NXAT,Nexus Advanced Technologies Inc.,NASDAQ,0.97,0.92,5.25,99.9,-99.0,0.0,Finance,Financial Conglomerates,Cayman Islands,-7.78,,-98.7,-78.0,-30.3,,
TCRT,"Alaunos Therapeutics, Inc.",NASDAQ,0.89,0.85,4.06,4.59,-80.7,0.0,Health Technology,Biotechnology,United States,-7.6,,-64.5,-59.4,-43.5,,是
MTNB,"Matinas Biopharma Holdings, Inc.",AMEX,2.55,2.26,12.95,29.55,-91.4,0.0,Health Technology,Pharmaceuticals: Major,United States,-11.46,,-91.3,-73.0,-12.7,,是
SILO,"Silo Pharma, Inc.",NASDAQ,1.51,1.46,3.18,10.87,-86.1,0.0,Health Technology,Pharmaceuticals: Major,United States,-6.21,,-84.7,-75.5,-39.1,,是
ITP,"IT Tech Packaging, Inc.",AMEX,0.14,0.13,7.71,0.39,-63.8,0.0,Process Industries,Containers/Packaging,China,2.99,,-48.2,-23.5,-23.7,,
GNPX,"Genprex, Inc.",NASDAQ,2.92,2.7,8.15,1210,-99.8,0.0,Health Technology,Pharmaceuticals: Major,United States,2.46,,-98.5,-75.4,-21.7,,是
EDBL,Edible Garden AG Incorporated,NASDAQ,1.19,1.11,7.21,1250.95,-99.9,0.0,Process Industries,Agricultural Commodities/Milling,United States,-2.46,,-99.9,-78.8,-21.7,,是
PARA,"Banzai International, Inc.",NASDAQ,0.65,0.64,2.2,79.6,-99.2,0.0,Technology Services,Packaged Software,United States,-5.42,,-98.8,-78.1,-37.6,,是
JEM,707 Cayman Holdings Limited,NASDAQ,3.59,3.38,6.37,135.24,-97.3,0.0,Distribution Services,Wholesale Distributors,Hong Kong,0.98,,-96.2,-91.5,-22.6,,
LABT,Lakewood-Amedex Biotherapeutics Inc.,NASDAQ,0.96,0.92,3.84,98.2,-99.0,0.0,Health Technology,Biotechnology,United States,-3.49,,-98.8,-69.7,-57.2,,是
FLYE,"Fly-E Group, Inc.",NASDAQ,1.38,1.28,7.81,22,-93.7,0.0,Consumer Durables,Motor Vehicles,United States,-2.82,,-90.5,-38.4,-15.9,,是
OGEN,Oragenics Inc.,AMEX,0.49,0.46,6.8,1.45,-66.1,0.0,Health Technology,Pharmaceuticals: Major,United States,2.46,,-62.5,-19.1,-4.5,,是
NXGL,"NexGel, Inc",NASDAQ,0.17,0.16,10.77,2.89,-94.0,0.0,Process Industries,Chemicals: Specialty,United States,-1.82,,-92.8,-68.6,-48.6,,是
KIDZ,KIDZ AI Inc.,NASDAQ,2.44,2.28,7.01,9975,-100.0,0.0,Technology Services,Internet Software/Services,United States,-4.31,,-100.0,-76.6,-47.3,,是
GMEX,GMEX ROBOTICS CORPORATION,NASDAQ,2.76,2.58,6.98,27711.78,-100.0,0.0,Retail Trade,Specialty Stores,Australia,-12.93,,-100.0,-92.1,-70.2,,
FEBO,Fenbo Holdings Limited,NASDAQ,0.67,0.61,9.52,1.46,-54.2,0.0,Consumer Durables,Electronics/Appliances,Hong Kong,-0.01,,-4.3,-19.5,-6.6,,
AKAN,Akanda Corp.,NASDAQ,2.57,2.29,11.98,78.9,-96.7,0.0,Process Industries,Agricultural Commodities/Milling,United Kingdom,0,,-97.4,-80.2,-32.5,,
VCIG,VCI Global Limited,NASDAQ,1.57,1.54,1.95,6497.99,-100.0,0.0,Commercial Services,Miscellaneous Commercial Services,Malaysia,-3.09,,-100.0,-95.4,-25.2,,
RUBI,Rubico Inc.,NASDAQ,1.07,1,7.0,137475,-100.0,0.0,Transportation,Marine Shipping,Greece,-4.46,,-100.0,-80.7,-38.9,,
SQFT,"Presidio Property Trust, Inc.",NASDAQ,1.25,1.14,9.65,6.4,-80.5,0.0,Finance,Real Estate Investment Trusts,United States,-6.72,,-78.5,-52.7,-19.9,,是
HUBC,Hub Cyber Security Ltd.,NASDAQ,0.99,0.88,12.74,787500,-100.0,0.0,Commercial Services,Miscellaneous Commercial Services,Israel,0,,-100.0,-97.3,-94.7,,
CRIS,"Curis, Inc.",NASDAQ,0.84,0.8,4.87,34.8,-97.6,0.0,Health Technology,Biotechnology,United States,1.21,,-97.5,-90.5,-43.3,,是
GCTK,"GlucoTrack, Inc.",NASDAQ,1.64,1.51,8.61,136.29,-98.8,0.0,Health Technology,Medical Specialties,United States,-5.75,,-98.3,-67.6,-61.0,,是
YHC,LQR House Inc.,NASDAQ,1.28,1.21,5.79,119,-98.9,0.0,Commercial Services,Advertising/Marketing Services,United States,-2.29,,-98.4,-71.4,-25.1,,是
HAO,Haoxi Health Technology Limited,NASDAQ,2.73,2.61,4.59,4352,-99.9,0.0,Commercial Services,Advertising/Marketing Services,China,-0.73,,-99.9,-86.3,-10.8,,
SMTK,"SmartKem, Inc.",NASDAQ,1.61,1.47,9.52,190,-99.2,0.0,Electronic Technology,Semiconductors,United Kingdom,1.26,,-98.0,-86.2,-52.1,,是
PMAX,Powell Max Limited,NASDAQ,0.82,0.75,9.33,52,-98.4,0.0,Communications,Specialty Telecommunications,Hong Kong,-7.03,,-96.5,-62.0,-20.2,,
MNDR,Mobile-health Network Solutions,NASDAQ,1.33,1.2,10.83,32.52,-95.9,0.0,Health Services,Medical/Nursing Services,Singapore,6.4,,-93.9,-58.8,-14.2,,
IMTE,Integrated Media Technology Limited,NASDAQ,0.45,0.4,13.0,1.34,-66.3,0.0,Electronic Technology,Electronic Production Equipment,Australia,-8.0,,-55.7,-6.8,-6.4,,
CDT,CDT Equity Inc.,NASDAQ,1.36,1.34,1.49,44450,-100.0,0.0,Health Technology,Pharmaceuticals: Major,United States,-6.21,,-100.0,-98.9,-96.8,,是
LBGJ,Li Bang International Corporation Inc.,NASDAQ,1.99,1.86,6.99,25400,-100.0,0.0,Consumer Durables,Home Furnishings,China,1.53,,-100.0,-99.2,-35.4,,
IPW,iPower Inc.,NASDAQ,1.16,1.15,0.87,2095.2,-99.9,0.0,Retail Trade,Internet Retail,United States,-0.85,,-99.9,-93.8,-41.1,,是
LRHC,La Rosa Holdings Corp.,NASDAQ,2.36,2.31,2.16,4589.46,-99.9,0.0,Finance,Real Estate Development,United States,-5.22,,-99.9,-66.9,-14.5,,是
CISS,C3is Inc.,NASDAQ,0.88,0.88,1.01,33263.44,-100.0,0.0,Transportation,Marine Shipping,Greece,-6.91,0.0,-100.0,-98.7,-47.0,,
SGRX,SANGRIX INC.,NASDAQ,1.59,1.4,13.57,166.71,-99.0,0.0,Consumer Non-Durables,Food: Meat/Fish/Dairy,Singapore,5.3,,-98.7,-74.4,-48.0,,是
FCHL,Fitness Champs Holdings Limited,NASDAQ,0.94,0.86,8.72,283.5,-99.7,0.0,Commercial Services,Miscellaneous Commercial Services,Singapore,1.96,,-99.7,-18.3,-11.8,,是
DRCT,"Direct Digital Holdings, Inc.",NASDAQ,1.52,1.51,0.66,113.81,-98.7,0.0,Commercial Services,Advertising/Marketing Services,United States,-0.65,,-98.1,-47.8,-36.1,,是
MYSZ,"My Size, Inc.",NASDAQ,1.65,1.59,3.45,10.24,-83.9,0.0,Technology Services,Internet Software/Services,Israel,-2.37,,-82.7,-54.2,-36.5,,是
SUGP,SU Group Holdings Limited,NASDAQ,0.5,0.45,11.11,55,-99.1,0.0,Commercial Services,Miscellaneous Commercial Services,Hong Kong,-2.84,,-97.9,-87.5,-36.7,,是
HLSQ,Tessera Defense and Homeland Security Inc.,AMEX,0.4,0.38,5.47,122.93,-99.7,0.0,Health Technology,Biotechnology,United States,-7.65,,-99.6,-87.1,-72.0,,是
EDVA,"Endovia Health Sciences, Inc.",AMEX,0.18,0.16,7.4,13.4,-98.7,0.0,Health Services,Medical/Nursing Services,United States,-0.45,,-98.1,-72.0,-44.8,,
ZNB,Zeta Network Group,NASDAQ,1.16,1.16,0.0,4184,-100.0,0.0,Technology Services,Internet Software/Services,United States,-7.2,,-99.9,-76.0,-28.4,,
MI,NFT Limited,AMEX,2.16,2.02,6.93,536,-99.6,0.0,Technology Services,Internet Software/Services,Hong Kong,-3.57,,-99.3,-78.4,-11.1,,是
WETO,Wetour Robotics Limited,NASDAQ,1.01,0.99,1.71,251,-99.6,0.0,Transportation,Other Transportation,China,-8.18,,-99.5,-98.8,-86.0,,
YMT,Yimutian Inc.,NASDAQ,1.25,1.2,4.17,532.8,-99.8,0.0,Technology Services,Packaged Software,China,-30.17,,-99.7,-85.9,-56.3,,
SCNI,Scinai Immunotherapeutics Ltd.,NASDAQ,1.42,1.32,7.58,16.3,-91.3,0.0,Health Technology,Pharmaceuticals: Other,Israel,0.71,,-88.4,-48.2,-42.0,,是
NEXR,Nexera Technologies Ltd,NASDAQ,1.3,1.28,1.48,834.68,-99.8,0.0,Consumer Durables,Recreational Products,Israel,-26.14,,-99.8,-82.7,-31.9,,是
BDRX,Biodexa Pharmaceuticals plc,NASDAQ,0.66,0.61,7.56,59.4,-98.9,0.0,Health Technology,Pharmaceuticals: Major,United Kingdom,1.71,,-98.1,-77.8,-23.5,,是
XXII,"22nd Century Group, Inc",NASDAQ,0.84,0.79,6.99,540,-99.8,0.0,Health Technology,Biotechnology,United States,4.78,,-99.8,-80.5,-74.9,,是
FGL,Founder Group Limited,NASDAQ,4.22,3.81,10.76,7071,-99.9,0.0,Industrial Services,Engineering & Construction,Malaysia,2.93,,-99.9,-97.1,-69.9,,
AIXI,XIAO-I Corporation,NASDAQ,1.39,1.35,2.96,379.4,-99.6,0.0,Technology Services,Packaged Software,China,-6.71,,-99.2,-89.9,-61.6,,
